"","pos","ref","WTAA","Type.1","Type.2","aa1","aa2","cpg1","cpg2","bigAA1","bigAA2","occurence","A21918","A22117","A22217","A22317","A22517","A22617","A23918","A34019","A34119","A34219","codon","AApos"
"1",297,"t","D","Tv1","Tv2","E","E",0,0,0,0,10,"Y","Y","Y","Y","Y","Y","Y","Y","Y","Y",3,99
"2",305,"g","R","Ts","Tv1","K","T",0,0,0,1,10,"Y","Y","Y","Y","Y","Y","Y","Y","Y","Y",2,102
"3",326,"t","V","Tv1","Ts","E","A",0,0,1,0,10,"Y","Y","Y","Y","Y","Y","Y","Y","Y","Y",2,109
"4",340,"g","A","Ts","Tv1","T","P",0,0,1,1,10,"Y","Y","Y","Y","Y","Y","Y","Y","Y","Y",1,114
"5",373,"a","N","Ts","Tv2","D","Y",0,0,1,1,10,"Y","Y","Y","Y","Y","Y","Y","Y","Y","Y",1,125
"6",431,"c","P","Tv1","Tv2","Q","R",1,0,1,1,10,"Y","Y","Y","Y","Y","Y","Y","Y","Y","Y",2,144
"7",485,"a","K","Ts","Tv2","R","M",0,0,0,1,9,"Y","Y","Y","Y","Y","Y","Y","N","Y","Y",2,162
"8",515,"g","R","Tv1","Ts","T","K",1,0,1,0,7,"Y","Y","Y","N","N","Y","Y","Y","Y","N",2,172
"9",536,"a","N","Ts","Tv1","S","T",0,0,0,0,8,"N","Y","Y","Y","Y","Y","Y","N","Y","Y",2,179
"10",539,"c","T","Tv1","Ts","N","I",0,0,0,1,9,"N","Y","Y","Y","Y","Y","Y","Y","Y","Y",2,180
"11",548,"g","S","Ts","Tv2","N","I",1,0,0,1,7,"N","Y","Y","Y","Y","Y","Y","N","Y","N",2,183
