"","pos.99","pos.102","pos.109","pos.114","pos.125","pos.144","pos.162","pos.172","pos.179","pos.180","pos.183"
"X","D","R","V","T","D","P","K","R","N","T","S"
"X.1","E","K","V","A","D","Q","K","T","N","T","S"
"X.2","E","R","V","A","D","Q","K","R","N","T","S"
"X.3","E","K","E","T","D","Q","R","R","S","N","N"
"X.4","E","K","E","T","D","Q","R","R","S","N","N"
"X.5","D","R","V","A","D","P","K","R","N","T","S"
"X.6","E","K","E","T","D","Q","R","R","N","T","S"
"X.7","E","K","V","A","D","Q","K","T","N","T","R"
"X.8","E","K","E","T","D","Q","R","R","N","T","S"
"X.9","E","R","V","A","D","Q","K","T","N","T","D"
"X.10","E","R","V","A","N","Q","K","R","N","T","S"
"X.11","E","R","V","A","D","Q","R","R","N","T","S"
"X.12","E","K","E","T","D","Q","R","R","S","N","S"
"X.13","E","R","V","A","D","Q","K","R","N","T","S"
"X.14","E","K","V","A","D","Q","K","T","N","T","S"
"X.15","E","K","A","T","D","Q","K","R","N","I","S"
"X.16","E","K","E","T","D","P","K","R","N","T","S"
"X.17","E","K","E","T","D","Q","R","R","N","T","S"
"X.18","E","K","E","T","D","Q","K","R","N","T","S"
"X.19","E","K","E","T","D","Q","R","R","S","N","N"
"X.20","E","K","E","T","D","Q","R","R","S","N","N"
"X.21","D","K","E","T","D","Q","R","R","N","T","S"
"X.22","E","K","V","T","D","P","K","R","N","T","S"
"X.23","E","K","E","T","D","Q","R","R","N","T","S"
"X.24","D","R","V","T","D","Q","K","R","N","T","S"
"X.25","E","K","E","T","D","Q","R","R","N","T","S"
"X.26","D","R","V","A","D","Q","R","R","N","T","S"
"X.27","E","K","V","T","D","Q","R","R","N","T","S"
"X.28","E","K","V","T","D","Q","K","R","N","T","S"
"X.29","E","K","E","T","N","Q","R","R","S","N","N"
"X.30","E","K","E","T","D","P","K","R","N","T","S"
"X.31","E","R","V","X","D","Q","K","T","N","T","S"
"X.32","E","K","E","T","D","Q","K","R","N","T","S"
"X.33","E","K","E","T","D","Q","K","T","N","T","S"
"X.34","E","K","E","A","D","Q","R","R","S","N","N"
"X.35","E","K","E","T","D","Q","R","R","N","T","S"
"X.36","E","K","V","A","D","Q","K","T","N","T","S"
"X.37","E","K","E","T","D","Q","K","R","N","T","S"
"X.38","D","K","A","T","D","Q","R","R","N","T","S"
"X.39","E","K","E","T","D","Q","R","R","S","N","N"
"X.40","E","K","E","T","N","Q","R","R","S","N","D"
"X.41","E","K","E","A","N","R","K","R","N","T","S"
"X.42","E","R","V","A","D","Q","K","T","N","T","S"
"X.43","E","K","E","T","D","Q","K","T","N","T","S"
"X.44","E","R","V","A","D","Q","K","T","N","T","D"
"X.45","E","K","V","A","D","Q","K","T","N","T","S"
"X.46","E","R","V","A","D","Q","K","T","N","T","S"
"X.47","E","K","E","T","D","Q","R","R","N","T","S"
"X.48","E","K","E","A","D","Q","K","T","N","T","S"
"X.49","E","K","E","T","D","Q","K","R","N","T","S"
"X.50","E","K","E","T","D","P","K","T","N","T","N"
"X.51","D","R","V","A","N","P","K","R","N","T","S"
"X.52","E","K","E","T","D","Q","R","R","S","N","K"
"X.53","E","K","A","T","D","P","K","R","N","T","S"
"X.54","E","K","E","T","D","Q","R","R","N","T","S"
"X.55","E","K","V","A","D","Q","K","R","N","T","S"
"X.56","E","R","V","T","D","Q","K","T","N","T","S"
"X.57","E","R","V","A","N","Q","R","R","N","T","S"
"X.58","E","R","V","A","D","Q","K","T","N","T","D"
"X.59","E","K","V","A","D","Q","K","T","N","T","S"
"X.60","D","R","V","A","D","Q","K","T","N","T","S"
"X.61","E","K","E","T","D","Q","R","R","S","N","S"
"X.62","E","K","A","A","D","Q","K","R","N","T","S"
"X.63","E","R","V","A","D","Q","K","T","N","T","S"
"X.64","E","K","E","T","N","P","K","R","N","T","S"
"X.65","E","R","V","A","D","P","K","R","N","T","S"
"X.66","E","K","E","T","D","P","K","R","N","T","S"
"X.67","D","R","V","A","N","Q","R","R","S","N","N"
"X.68","E","R","V","A","D","Q","K","T","N","T","S"
"X.69","E","K","V","A","D","Q","K","T","N","T","S"
"X.70","E","K","E","T","D","Q","K","T","N","T","S"
"X.71","E","K","A","A","N","Q","K","R","N","T","S"
"X.72","E","K","E","T","N","P","K","R","N","T","S"
"X.73","E","K","V","A","D","Q","K","T","N","T","S"
"X.74","E","R","V","A","D","P","K","R","N","T","S"
"X.75","E","K","E","T","D","Q","R","R","N","T","S"
"X.76","E","R","V","A","D","Q","K","R","N","T","S"
"X.77","E","K","E","T","D","Q","K","T","N","T","S"
"X.78","E","K","E","T","D","Q","K","T","N","T","S"
"X.79","E","K","E","T","D","P","K","R","N","T","S"
"X.80","E","K","A","T","D","Q","K","T","N","T","N"
"X.81","E","R","V","T","D","Q","R","R","N","T","S"
"X.82","E","K","A","T","D","Q","K","R","N","T","S"
"X.83","E","K","E","A","N","Q","R","R","N","T","S"
"X.84","E","R","V","A","D","Q","K","T","N","T","S"
"X.85","D","R","V","A","D","Q","R","R","N","T","S"
"X.86","E","K","E","T","D","Q","R","R","S","N","N"
"X.87","E","K","E","T","D","Q","R","R","N","T","S"
"X.88","E","K","E","T","D","Q","K","R","N","T","S"
"X.89","E","R","V","A","D","Q","K","T","N","T","S"
"X.90","D","R","E","T","D","P","K","R","N","T","S"
"X.91","D","K","E","T","D","Q","R","R","N","T","S"
"X.92","E","K","E","T","D","P","K","R","N","T","S"
"X.93","E","K","E","T","D","Q","R","R","N","T","S"
"X.94","E","K","A","T","D","Q","R","R","S","N","N"
"X.95","E","K","E","T","D","Q","K","R","N","T","S"
"X.96","E","K","V","T","D","Q","K","T","N","T","S"
"X.97","E","K","E","T","D","Q","R","R","N","T","S"
"X.98","D","K","E","T","D","Q","R","R","N","T","S"
"X.99","E","K","E","T","D","Q","K","R","N","T","S"
"X.100","E","K","E","A","N","Q","R","R","N","T","S"
"X.101","D","K","E","T","D","Q","R","R","N","T","S"
"X.102","E","K","E","T","D","Q","R","R","N","T","S"
"X.103","E","K","E","T","D","P","K","R","N","T","S"
"X.104","E","K","E","T","D","Q","R","R","N","T","S"
"X.105","E","K","E","T","D","Q","R","R","N","T","S"
"X.106","E","K","E","A","D","Q","K","T","N","T","S"
"X.107","E","K","V","T","D","Q","K","R","N","T","S"
"X.108","E","K","E","T","D","Q","R","R","N","T","S"
"X.109","E","K","E","T","D","Q","K","T","N","T","S"
"X.110","E","K","E","T","D","Q","R","R","S","N","N"
"X.111","E","R","V","V","D","Q","K","T","N","T","S"
"X.112","E","K","V","A","D","Q","K","T","N","T","S"
"X.113","E","K","A","T","D","R","K","R","N","T","S"
"X.114","D","K","E","T","D","Q","R","R","N","T","S"
"X.115","E","R","V","A","D","Q","K","T","N","T","S"
"X.116","E","K","E","T","D","Q","K","R","N","T","S"
"X.117","E","K","E","T","D","Q","K","R","N","T","S"
"X.118","E","K","A","A","D","Q","K","R","N","T","S"
"X.119","E","R","V","A","N","Q","R","R","N","T","S"
"X.120","E","K","A","T","D","Q","K","R","N","T","S"
"X.121","E","K","E","T","D","Q","R","R","N","T","S"
"X.122","E","K","E","T","D","Q","R","R","S","N","N"
"X.123","E","K","A","T","D","Q","K","R","N","T","S"
"X.124","E","K","E","T","D","Q","R","R","N","T","S"
"X.125","E","R","V","A","D","Q","K","T","N","T","S"
"X.126","E","K","E","T","D","Q","R","R","S","N","N"
"X.127","E","K","E","T","D","P","K","R","N","T","S"
"X.128","E","K","E","T","D","P","K","R","N","T","S"
"X.129","E","K","E","T","D","Q","K","T","N","T","S"
"X.130","E","K","E","T","D","Q","R","R","N","T","S"
"X.131","E","R","V","A","D","Q","K","T","N","T","S"
"X.132","E","R","V","A","D","Q","K","T","N","T","S"
"X.133","E","K","V","A","D","Q","K","T","N","T","S"
"X.134","E","R","V","A","D","Q","K","T","N","T","S"
"X.135","E","K","E","T","D","Q","K","T","N","T","S"
"X.136","E","K","E","T","D","Q","R","R","S","N","S"
"X.137","E","K","E","T","D","Q","K","R","N","T","S"
"X.138","E","K","E","T","N","Q","R","R","N","T","S"
"X.139","E","K","E","A","N","P","K","R","N","T","S"
"X.140","E","K","V","T","D","Q","K","R","N","T","S"
"X.141","D","R","V","A","D","Q","K","R","N","T","S"
"X.142","D","K","E","T","D","Q","R","R","N","T","S"
"X.143","E","K","E","T","D","Q","R","R","N","T","S"
"X.144","D","R","V","A","D","R","K","R","N","T","S"
"X.145","E","K","E","T","N","P","K","R","N","T","S"
"X.146","E","K","E","T","D","Q","K","T","N","T","S"
"X.147","E","K","E","T","D","Q","R","R","S","N","N"
"X.148","E","K","A","T","D","Q","K","R","N","T","S"
"X.149","E","K","V","A","D","Q","K","T","N","T","S"
"X.150","E","K","E","T","D","Q","R","R","S","N","N"
"X.151","E","K","E","T","N","P","K","R","N","T","S"
"X.152","E","K","E","T","N","Q","R","R","N","T","S"
"X.153","E","R","V","A","D","Q","R","R","N","T","S"
"X.154","E","K","E","T","D","Q","R","R","N","T","S"
"X.155","E","K","E","A","D","Q","K","T","N","T","S"
"X.156","E","K","E","T","D","Q","K","T","N","T","S"
"X.157","E","K","E","T","D","P","K","R","N","T","S"
"X.158","E","K","E","T","D","Q","R","R","N","T","S"
"X.159","E","K","E","A","D","Q","K","R","N","T","S"
"X.160","E","K","V","A","D","Q","K","T","N","T","S"
"X.161","E","R","V","A","D","Q","K","T","N","T","S"
"X.162","E","K","E","T","D","P","K","R","N","T","S"
"X.163","D","R","V","A","N","R","K","R","N","T","S"
"X.164","E","R","V","A","D","Q","K","T","N","T","S"
"X.165","E","K","E","T","D","Q","R","R","N","T","S"
"X.166","E","K","E","T","D","Q","R","R","N","T","S"
"X.167","E","K","E","T","D","Q","K","T","N","T","N"
"X.168","E","K","E","T","D","P","K","R","N","T","S"
"X.169","E","R","V","A","D","Q","K","T","N","T","S"
"X.170","E","K","E","T","D","Q","K","R","N","T","S"
"X.171","E","K","V","A","D","Q","K","R","N","T","S"
"X.172","E","K","E","T","D","Q","R","R","N","T","S"
"X.173","D","R","V","T","D","Q","R","R","N","T","S"
"X.174","E","K","E","A","D","Q","K","T","N","T","S"
"X.175","E","K","E","T","N","Q","R","R","N","T","S"
"X.176","D","K","E","T","D","Q","R","R","S","N","S"
"X.177","E","K","E","T","D","Q","R","R","N","T","S"
"X.178","E","R","V","A","D","Q","R","R","S","N","K"
"X.179","E","K","E","A","D","Q","K","T","N","T","S"
"X.180","E","K","E","T","D","Q","K","T","N","T","S"
"X.181","E","R","V","A","D","Q","K","T","N","T","S"
"X.182","E","R","V","A","D","Q","K","T","N","T","S"
"X.183","E","K","E","T","D","Q","R","R","S","N","N"
"X.184","E","K","E","T","D","P","K","R","N","T","S"
"X.185","E","K","E","T","D","Q","R","R","N","T","S"
"X.186","E","K","V","A","D","Q","K","T","N","T","S"
"X.187","E","K","E","T","D","Q","R","R","N","T","S"
"X.188","E","K","E","T","D","Q","R","R","N","T","S"
"X.189","E","K","E","T","D","Q","R","R","S","N","N"
"X.190","E","K","E","T","D","Q","R","R","N","T","S"
"X.191","D","K","A","T","D","Q","R","R","N","T","S"
"X.192","E","K","E","A","N","R","K","R","N","T","S"
"X.193","E","K","I","A","D","Q","K","R","N","T","S"
"X.194","E","K","E","T","N","Q","K","R","N","I","S"
"X.195","E","K","E","T","D","Q","R","R","N","T","S"
"X.196","E","K","E","T","D","Q","R","R","S","N","N"
"X.197","D","R","V","A","D","Q","K","R","N","T","S"
"X.198","E","K","E","T","D","P","K","R","N","T","S"
"X.199","E","R","V","A","D","Q","K","T","N","T","S"
"X.200","E","K","V","T","D","Q","R","R","N","T","S"
"X.201","E","K","A","T","D","Q","K","R","N","T","S"
"X.202","E","K","V","T","D","Q","K","R","N","T","S"
"X.203","E","K","E","A","N","Q","R","R","N","T","S"
"X.204","E","K","E","T","D","Q","R","R","S","N","N"
"X.205","E","K","A","T","D","Q","K","T","N","T","N"
"X.206","D","R","V","A","N","P","K","R","N","T","S"
"X.207","E","K","E","A","D","Q","K","R","N","T","S"
"X.208","E","K","E","T","D","Q","R","R","N","T","S"
"X.209","E","K","E","T","D","Q","R","R","S","N","N"
"X.210","D","R","A","A","D","P","K","R","N","T","S"
"X.211","E","K","E","T","D","Q","R","R","N","T","S"
"X.212","E","K","V","T","D","Q","K","R","N","T","S"
"X.213","D","K","E","T","D","Q","R","R","N","T","S"
"X.214","E","K","E","T","D","Q","K","T","N","T","S"
"X.215","E","K","E","T","D","Q","R","R","N","T","S"
"X.216","E","K","E","T","D","Q","R","R","N","T","S"
"X.217","E","K","E","T","D","Q","K","R","N","T","S"
"X.218","E","K","A","T","D","Q","K","R","N","T","S"
"X.219","E","K","E","T","D","Q","K","R","N","T","S"
"X.220","D","R","V","A","N","R","K","R","N","T","S"
"X.221","E","K","E","T","D","Q","K","T","N","T","S"
"X.222","E","K","E","T","D","P","K","R","N","T","S"
"X.223","E","K","E","T","D","Q","K","T","N","T","S"
"X.224","E","K","E","T","D","Q","R","R","S","N","K"
"X.225","E","R","V","V","N","Q","K","T","N","T","S"
"X.226","E","R","V","A","D","Q","K","T","N","T","D"
"X.227","E","R","V","A","D","Q","K","T","N","T","S"
"X.228","E","K","E","T","D","Q","R","R","S","N","K"
"X.229","E","K","E","T","D","Q","K","T","N","T","N"
"X.230","E","K","E","T","D","Q","R","R","S","N","N"
"X.231","E","K","E","T","D","Q","R","R","N","T","S"
"X.232","E","K","E","T","D","Q","R","R","S","N","N"
"X.233","E","R","V","T","D","Q","R","R","N","T","S"
"X.234","E","K","E","T","D","Q","R","R","N","T","S"
"X.235","E","K","V","T","D","P","K","R","N","T","S"
"X.236","D","R","V","A","N","P","K","R","N","T","S"
"X.237","E","K","E","T","D","Q","R","R","N","T","S"
"X.238","E","K","E","A","D","Q","R","R","N","T","S"
"X.239","E","K","E","T","D","Q","R","R","N","T","S"
"X.240","E","K","V","T","D","P","K","R","N","T","S"
"X.241","E","R","V","A","D","Q","K","T","N","T","D"
"X.242","E","K","E","T","D","Q","R","R","N","T","S"
"X.243","E","R","V","A","D","Q","K","R","N","T","S"
"X.244","E","R","V","A","D","Q","K","T","N","T","S"
"X.245","E","K","E","T","D","Q","K","R","N","T","S"
"X.246","E","R","V","A","D","Q","R","R","N","T","S"
"X.247","E","R","V","A","D","Q","K","T","N","T","S"
"X.248","E","K","E","A","N","P","K","R","N","T","S"
"X.249","E","K","E","T","D","Q","R","R","S","N","N"
"X.250","E","K","E","T","D","Q","R","R","N","T","S"
"X.251","E","K","E","T","D","Q","K","T","N","T","S"
"X.252","D","K","A","T","D","Q","R","R","N","T","S"
"X.253","E","R","V","A","D","Q","K","T","N","T","S"
"X.254","E","K","E","T","D","Q","R","R","S","N","N"
"X.255","E","K","E","T","D","Q","R","R","S","N","N"
"X.256","E","K","E","T","D","P","K","R","K","T","S"
"X.257","E","K","A","T","D","Q","K","R","N","T","S"
"X.258","E","K","E","T","D","Q","K","R","N","T","S"
"X.259","E","K","E","T","D","Q","K","T","N","T","S"
"X.260","E","K","A","T","D","Q","K","R","N","I","S"
"X.261","E","K","E","T","D","Q","R","R","S","N","K"
"X.262","E","K","E","T","D","Q","R","R","N","T","S"
"X.263","E","K","V","T","D","Q","K","R","N","T","S"
"X.264","E","R","V","A","D","Q","K","T","N","T","S"
"X.265","E","R","V","A","N","Q","K","T","N","T","S"
"X.266","E","K","E","T","D","Q","K","T","N","T","N"
"X.267","E","K","E","T","D","Q","R","R","N","T","S"
"X.268","E","K","E","T","D","Q","K","T","N","T","S"
"X.269","E","K","E","T","D","Q","K","R","N","T","S"
"X.270","E","R","V","A","D","Q","K","T","N","T","S"
"X.271","E","K","E","T","D","Q","K","R","N","T","S"
"X.272","E","K","E","T","D","Q","R","R","N","T","S"
"X.273","E","K","E","T","D","P","K","R","N","T","S"
"X.274","E","K","A","T","D","Q","K","T","N","T","S"
"X.275","D","R","V","A","N","Q","R","R","S","N","N"
"X.276","E","K","E","T","D","Q","K","T","X","X","X"
"X.277","E","K","E","T","D","Q","R","R","N","T","S"
"X.278","E","K","E","A","D","Q","K","R","N","T","S"
"X.279","E","K","E","T","D","Q","R","R","N","T","S"
"X.280","E","K","E","T","D","Q","R","R","N","T","S"
"X.281","E","K","E","T","D","R","K","R","N","T","S"
"X.282","E","R","A","A","D","Q","K","R","N","T","S"
"X.283","E","K","E","T","D","Q","R","R","N","T","S"
"X.284","E","K","A","T","D","Q","K","T","N","I","S"
"X.285","E","K","E","T","D","P","K","R","N","T","S"
"X.286","E","R","V","A","D","Q","K","T","N","T","D"
"X.287","E","R","V","A","D","Q","K","T","N","T","S"
"X.288","E","R","V","A","D","Q","K","T","N","T","D"
"X.289","E","K","E","T","D","Q","R","R","S","N","N"
"X.290","E","K","E","A","D","Q","K","T","N","T","S"
"X.291","E","K","E","T","D","Q","R","R","N","T","S"
"X.292","E","K","A","T","D","Q","R","R","N","T","S"
"X.293","E","K","E","T","D","Q","R","R","S","N","K"
"X.294","E","K","E","T","N","Q","R","R","S","N","D"
"X.295","E","K","E","T","D","Q","K","T","N","T","S"
"X.296","E","K","V","T","N","Q","R","R","N","T","S"
"X.297","E","K","E","T","D","Q","R","R","S","N","N"
"X.298","E","K","E","T","D","Q","R","R","S","N","N"
"X.299","E","K","A","T","D","Q","R","R","N","T","S"
"X.300","E","R","V","A","D","Q","K","T","N","T","S"
"X.301","E","K","A","T","D","Q","K","R","N","T","S"
"X.302","E","K","E","T","D","Q","R","R","N","T","S"
"X.303","D","R","V","A","N","Q","K","R","N","T","S"
"X.304","D","R","V","A","D","Q","R","R","N","T","S"
"X.305","E","K","V","T","D","Q","K","R","N","T","S"
"X.306","D","R","V","T","D","P","K","R","N","T","S"
"X.307","E","K","E","T","N","Q","K","R","N","T","S"
"X.308","E","K","E","T","D","Q","K","R","N","T","S"
"X.309","E","K","E","T","D","Q","R","R","S","N","N"
"X.310","E","R","V","A","N","Q","K","R","N","T","S"
"X.311","E","K","E","T","D","Q","R","R","S","N","K"
"X.312","E","K","V","A","D","Q","K","T","N","T","S"
"X.313","E","K","E","T","D","Q","R","R","N","T","S"
"X.314","E","R","V","A","D","Q","K","T","N","T","S"
"X.315","E","R","V","V","N","Q","K","T","N","T","S"
"X.316","E","K","E","T","D","Q","R","R","N","T","S"
"X.317","E","K","E","T","N","Q","R","R","S","N","D"
"X.318","E","K","E","T","D","Q","K","T","N","T","S"
"X.319","E","K","E","T","D","Q","K","R","N","T","S"
"X.320","E","K","E","T","D","Q","K","R","N","T","S"
"X.321","E","R","V","A","D","Q","K","T","N","T","S"
"X.322","E","K","E","T","D","Q","K","R","N","T","S"
"X.323","E","K","E","T","D","Q","R","R","N","T","S"
"X.324","E","K","A","T","D","Q","K","R","N","T","S"
"X.325","E","K","E","A","D","Q","K","T","N","T","S"
"X.326","D","R","V","A","N","Q","R","R","S","N","N"
"X.327","E","R","V","A","D","Q","K","T","N","T","D"
"X.328","D","R","V","A","N","P","K","R","N","T","S"
"X.329","E","K","E","T","D","Q","R","R","N","T","S"
"X.330","E","K","V","T","D","Q","K","T","N","T","S"
"X.331","E","R","V","A","D","Q","K","T","N","T","S"
"X.332","E","K","E","T","D","Q","R","R","S","N","N"
"X.333","E","K","E","T","D","Q","R","R","S","N","N"
"X.334","D","R","V","A","D","Q","K","R","N","T","S"
"X.335","E","K","E","T","D","Q","R","R","N","T","S"
"X.336","E","R","V","A","D","Q","K","T","N","T","S"
"X.337","E","K","V","A","N","P","K","T","N","T","S"
"X.338","E","R","V","A","D","Q","K","T","N","T","S"
"X.339","E","R","V","A","D","Q","K","T","N","T","S"
"X.340","E","K","E","T","D","Q","K","R","N","T","S"
"X.341","E","R","V","A","D","Q","K","T","N","T","S"
"X.342","E","K","E","T","D","Q","K","T","N","T","S"
"X.343","E","K","E","T","D","Q","R","R","N","T","S"
"X.344","E","R","V","A","D","Q","K","T","N","T","D"
"X.345","E","K","E","T","D","Q","R","R","N","T","S"
"X.346","E","R","V","A","D","Q","K","T","N","T","S"
"X.347","E","K","E","T","D","Q","R","R","N","T","S"
"X.348","E","K","E","T","D","Q","R","R","S","N","N"
"X.349","E","K","E","T","D","Q","R","R","N","T","S"
"X.350","E","R","E","T","D","P","K","R","N","T","S"
"X.351","D","R","V","A","D","R","K","R","N","T","S"
"X.352","E","K","E","T","D","Q","R","R","S","N","K"
"X.353","D","R","V","A","D","Q","R","R","N","T","S"
"X.354","E","K","E","T","D","P","K","R","N","T","S"
"X.355","E","K","E","T","D","Q","R","R","N","T","S"
"X.356","E","R","V","A","D","Q","R","R","N","T","S"
"X.357","E","R","V","A","D","P","K","R","N","T","S"
"X.358","E","K","E","T","D","Q","K","T","N","T","S"
"X.359","E","K","E","T","D","Q","R","R","S","N","N"
"X.360","E","K","E","T","D","Q","R","R","S","N","N"
"X.361","E","K","E","T","D","Q","K","R","N","T","S"
"X.362","D","R","V","A","D","Q","K","R","N","T","S"
"X.363","E","R","V","A","D","Q","K","R","N","T","S"
"X.364","E","K","E","T","D","Q","R","R","N","T","S"
"X.365","D","R","V","A","N","P","K","R","N","T","S"
"X.366","E","K","E","T","D","Q","R","R","S","N","N"
"X.367","E","K","E","T","D","P","K","R","N","T","S"
"X.368","E","K","V","T","D","P","K","R","N","T","S"
"X.369","E","K","E","T","D","Q","R","R","N","T","S"
"X.370","E","K","E","T","D","Q","R","R","N","T","S"
"X.371","E","K","E","A","N","Q","R","R","N","T","S"
"X.372","D","R","V","A","N","Q","K","R","S","N","N"
"X.373","E","R","V","A","D","Q","K","T","N","T","S"
"X.374","E","R","V","A","D","P","K","R","N","T","S"
"X.375","E","K","E","T","D","Q","R","R","S","N","N"
"X.376","E","K","E","T","D","Q","R","R","N","T","S"
"X.377","D","K","E","T","D","Q","R","R","N","T","S"
"X.378","D","R","V","A","N","P","K","R","N","T","S"
"X.379","E","K","E","T","D","Q","K","R","N","T","S"
"X.380","E","K","E","T","D","Q","K","R","N","T","S"
"X.381","E","K","E","T","D","Q","R","R","N","T","S"
"X.382","E","K","E","T","D","Q","K","T","N","T","S"
"X.383","E","K","E","T","D","Q","R","R","N","T","S"
"X.384","E","K","E","A","D","Q","K","T","N","T","S"
"X.385","E","K","E","T","D","Q","R","R","N","T","S"
"X.386","E","R","V","T","D","Q","K","T","N","T","S"
"X.387","E","K","V","T","D","Q","K","R","N","T","S"
"X.388","E","K","E","T","D","Q","R","R","S","N","N"
"X.389","E","K","E","T","N","Q","R","R","N","T","S"
"X.390","E","K","E","T","D","Q","R","R","S","N","N"
"X.391","E","K","E","T","N","P","K","R","N","T","S"
"X.392","E","R","V","A","D","Q","K","T","N","T","S"
"X.393","E","K","E","A","D","Q","K","R","N","T","S"
"X.394","E","K","E","T","D","Q","R","R","N","T","S"
"X.395","E","K","E","T","D","Q","R","R","N","T","S"
"X.396","E","K","E","A","N","Q","R","R","N","T","S"
"X.397","E","K","E","T","D","Q","R","R","S","N","K"
"X.398","E","K","E","T","D","P","K","R","N","T","S"
"X.399","E","K","E","T","N","Q","R","R","N","T","S"
"X.400","E","K","E","T","D","Q","R","R","S","N","K"
"X.401","E","K","E","A","D","Q","K","T","N","T","S"
"X.402","D","R","V","A","D","Q","K","R","N","T","S"
"X.403","E","K","E","T","D","Q","R","R","S","N","N"
"X.404","E","K","E","T","D","Q","K","R","N","T","S"
"X.405","E","K","E","T","D","Q","R","R","N","T","S"
"X.406","E","K","X","T","D","Q","R","R","N","T","S"
"X.407","E","K","E","T","D","Q","R","R","S","N","N"
"X.408","E","R","V","A","D","Q","K","T","N","T","S"
"X.409","E","K","A","T","D","Q","K","R","N","T","S"
"X.410","E","R","V","A","D","Q","K","T","N","T","S"
"X.411","E","K","E","T","D","Q","R","R","S","N","N"
"X.412","E","K","E","T","D","Q","R","R","N","T","S"
"X.413","E","K","A","T","D","Q","K","R","N","T","S"
"X.414","E","R","V","A","D","P","K","R","N","T","S"
"X.415","E","K","E","A","N","Q","R","R","N","T","S"
"X.416","E","K","E","T","D","Q","R","R","S","N","N"
"X.417","E","K","E","T","D","Q","K","T","N","T","S"
"X.418","E","K","E","T","D","Q","R","R","N","T","S"
"X.419","E","K","V","A","D","Q","K","R","N","T","S"
"X.420","D","K","E","T","D","Q","R","R","N","T","S"
"X.421","E","K","G","T","D","Q","K","R","N","A","S"
"X.422","E","K","E","A","D","Q","K","R","N","T","S"
"X.423","E","R","V","A","D","Q","K","T","N","T","S"
"X.424","E","K","E","T","D","Q","R","R","N","T","S"
"X.425","E","R","V","A","D","Q","K","T","N","T","S"
"X.426","E","K","E","T","D","Q","K","R","N","T","S"
"X.427","D","R","V","A","D","Q","R","R","N","T","S"
"X.428","E","K","E","T","D","Q","R","R","S","N","N"
"X.429","E","K","E","T","D","Q","K","T","N","T","S"
"X.430","E","K","E","T","D","Q","R","R","N","T","S"
"X.431","E","K","A","T","D","Q","K","R","N","T","S"
"X.432","E","K","E","T","D","P","K","R","N","T","S"
"X.433","E","K","E","T","D","Q","R","R","N","T","S"
"X.434","E","K","E","T","D","Q","K","T","N","T","S"
"X.435","E","K","E","T","D","Q","R","R","N","T","S"
"X.436","E","R","V","A","D","Q","K","T","N","T","S"
"X.437","E","K","E","T","D","Q","R","R","S","N","N"
"X.438","D","K","A","A","D","Q","R","R","N","T","S"
"X.439","E","K","E","T","D","Q","R","R","N","T","S"
"X.440","E","K","A","T","D","Q","K","R","N","T","S"
"X.441","E","K","E","T","D","P","K","R","S","N","S"
"X.442","E","R","V","A","D","Q","K","T","N","T","S"
"X.443","E","R","V","A","D","Q","K","T","N","T","S"
"X.444","E","K","A","T","D","Q","K","T","N","T","N"
"X.445","E","K","E","T","D","Q","K","R","N","T","S"
"X.446","E","K","E","T","D","Q","R","R","N","T","S"
"X.447","E","K","E","A","D","Q","K","T","N","T","S"
"X.448","E","R","V","A","D","Q","K","T","N","T","S"
"X.449","E","K","E","A","N","Q","R","R","S","N","N"
"X.450","E","K","E","T","D","Q","R","R","S","N","N"
"X.451","E","R","V","A","D","Q","K","T","N","T","S"
"X.452","E","K","V","T","D","Q","K","R","N","T","S"
"X.453","E","R","V","A","D","Q","K","T","N","T","S"
"X.454","E","K","E","T","D","Q","R","R","N","T","S"
"X.455","D","R","V","A","D","Q","R","R","N","T","S"
"X.456","E","K","E","A","D","Q","K","T","N","T","S"
"X.457","E","K","E","T","D","Q","R","R","S","N","K"
"X.458","E","K","E","T","N","Q","R","R","S","N","D"
"X.459","E","R","V","A","D","Q","K","T","N","T","S"
"X.460","D","R","V","A","D","Q","K","R","N","T","S"
"X.461","E","K","E","T","D","Q","R","R","N","T","S"
"X.462","E","R","V","A","D","Q","K","T","N","T","S"
"X.463","E","K","E","T","D","Q","K","R","N","T","S"
"X.464","E","K","E","T","D","Q","R","R","S","N","N"
"X.465","E","K","E","T","D","P","K","R","N","T","S"
"X.466","E","K","V","T","D","Q","K","R","N","T","S"
"X.467","E","K","E","T","D","Q","K","T","N","T","S"
"X.468","D","R","V","A","N","R","K","R","N","T","S"
"X.469","E","R","V","A","D","P","K","R","N","T","S"
"X.470","E","K","E","T","D","Q","K","T","N","T","S"
"X.471","E","R","V","A","D","Q","K","R","N","T","S"
"X.472","D","R","V","T","D","Q","R","R","N","T","S"
"X.473","E","R","V","A","D","Q","K","T","N","T","S"
"X.474","D","R","V","A","D","Q","K","R","N","T","S"
"X.475","D","K","E","T","D","Q","R","R","N","T","S"
"X.476","E","K","E","A","D","Q","K","T","N","T","S"
"X.477","E","R","V","A","D","Q","K","T","N","T","D"
"X.478","E","R","V","A","D","Q","K","T","N","T","D"
"X.479","E","K","E","T","D","P","K","R","N","T","S"
"X.480","E","K","E","T","D","Q","K","R","N","T","S"
"X.481","E","R","V","A","D","Q","R","R","N","T","S"
"X.482","E","K","E","T","D","Q","K","R","N","T","S"
"X.483","E","K","E","A","N","Q","R","R","S","N","S"
"X.484","E","K","E","T","D","Q","R","R","N","T","S"
"X.485","E","R","V","T","D","P","K","R","N","T","S"
"X.486","E","K","V","A","D","Q","R","R","S","N","K"
"X.487","E","R","V","A","D","Q","K","T","N","T","S"
"X.488","E","K","V","A","D","Q","K","T","N","T","S"
"X.489","E","K","A","T","D","Q","K","R","N","T","S"
"X.490","D","R","V","A","D","Q","R","R","N","T","S"
"X.491","E","R","V","A","D","Q","K","R","N","T","S"
"X.492","E","R","V","T","D","Q","K","T","N","T","S"
"X.493","E","K","E","T","D","Q","K","R","N","T","S"
"X.494","E","K","E","A","N","Q","R","R","N","T","S"
"X.495","E","K","E","T","D","Q","R","R","N","T","S"
"X.496","E","K","E","T","D","P","K","R","N","T","S"
"X.497","E","K","E","T","D","Q","R","R","S","N","N"
"X.498","E","K","E","T","D","Q","R","R","N","T","S"
"X.499","E","K","E","T","N","Q","R","R","S","N","D"
"X.500","E","K","E","T","N","Q","R","R","S","N","D"
"X.501","E","K","E","T","D","Q","K","R","N","T","S"
"X.502","E","R","V","A","D","Q","K","T","N","T","S"
"X.503","E","K","E","T","D","Q","R","R","N","T","S"
"X.504","E","R","V","A","D","Q","K","T","N","T","S"
"X.505","E","R","V","A","D","Q","K","T","N","T","S"
"X.506","E","K","E","T","D","P","K","R","N","T","S"
"X.507","E","K","E","T","N","Q","R","R","S","N","D"
"X.508","E","K","E","T","D","Q","K","T","N","T","S"
"X.509","E","K","E","T","D","Q","R","R","S","N","K"
"X.510","E","K","E","T","D","Q","R","R","S","N","N"
"X.511","E","K","E","T","D","Q","K","R","N","T","S"
"X.512","E","K","E","T","D","Q","R","R","S","N","N"
"X.513","E","K","E","T","D","Q","K","R","N","A","S"
"X.514","E","K","X","T","D","Q","K","R","N","T","S"
"X.515","E","R","V","A","D","Q","K","T","N","T","S"
"X.516","E","R","V","A","D","Q","K","T","N","T","D"
"X.517","D","R","V","A","N","R","K","R","N","T","S"
"X.518","E","K","E","T","D","Q","K","R","N","T","S"
"X.519","E","K","V","A","D","Q","K","R","N","T","S"
"X.520","D","R","V","T","D","Q","R","R","S","N","N"
"X.521","E","K","E","T","D","R","K","R","N","T","S"
"X.522","E","K","E","T","D","Q","K","T","N","T","S"
"X.523","E","K","V","T","N","P","K","X","N","N","T"
"X.524","D","K","E","T","D","Q","R","R","N","T","S"
"X.525","E","K","E","T","D","Q","K","R","N","T","S"
"X.526","E","R","V","A","D","Q","K","T","N","T","S"
"X.527","E","K","E","T","D","Q","R","R","N","T","S"
"X.528","D","R","V","A","N","Q","R","R","S","N","N"
"X.529","E","R","V","A","D","P","K","R","N","T","S"
"X.530","E","K","E","T","D","Q","K","R","N","T","S"
"X.531","E","K","E","T","D","Q","R","R","S","N","N"
"X.532","E","R","V","A","D","Q","K","T","N","T","S"
"X.533","E","R","V","A","N","P","K","T","N","T","S"
"X.534","E","R","V","A","D","Q","K","T","N","T","S"
"X.535","E","K","A","T","D","Q","R","R","N","T","S"
"X.536","E","K","E","T","D","Q","R","R","N","T","S"
"X.537","E","R","V","A","D","Q","K","T","N","T","S"
"X.538","E","K","E","T","D","Q","R","R","N","T","S"
"X.539","E","K","V","A","D","Q","K","R","N","T","S"
"X.540","E","K","E","T","D","Q","R","R","N","T","S"
"X.541","E","K","E","T","D","P","K","R","N","T","S"
"X.542","E","K","E","T","D","Q","K","T","N","T","S"
"X.543","E","K","E","T","D","Q","K","T","N","T","S"
"X.544","E","R","V","A","D","Q","K","T","N","T","S"
"X.545","E","K","V","T","D","Q","K","R","N","T","S"
"X.546","D","R","V","A","N","P","K","R","N","T","S"
"X.547","E","R","V","A","D","Q","K","T","N","T","S"
"X.548","E","K","E","T","D","Q","K","R","N","T","S"
"X.549","E","R","V","A","D","P","K","R","N","T","S"
"X.550","E","R","V","A","D","Q","K","T","N","T","S"
"X.551","E","K","A","T","N","Q","R","R","S","N","D"
"X.552","E","K","E","T","N","Q","R","R","S","N","D"
"X.553","E","K","E","T","D","Q","R","R","N","T","S"
"X.554","E","K","E","T","D","P","K","T","N","T","S"
"X.555","E","R","V","A","D","Q","K","R","N","T","S"
"X.556","E","K","A","T","D","Q","K","R","N","T","S"
"X.557","E","K","V","A","D","Q","K","T","N","T","S"
"X.558","E","K","E","A","D","Q","K","T","N","T","S"
"X.559","E","K","V","T","D","P","K","R","N","T","G"
"X.560","E","R","V","A","D","Q","R","R","S","N","S"
"X.561","D","K","E","T","D","Q","R","R","N","T","S"
"X.562","E","K","E","T","D","Q","R","R","N","T","S"
"X.563","E","K","E","T","D","Q","R","R","S","N","N"
"X.564","E","K","E","T","D","Q","R","R","N","T","S"
"X.565","D","R","V","T","D","P","K","R","N","T","S"
"X.566","D","K","E","T","D","Q","R","R","N","T","S"
"X.567","D","R","V","A","D","Q","R","R","N","T","S"
"X.568","E","K","E","T","D","Q","K","R","N","T","S"
"X.569","E","R","V","A","D","Q","K","T","N","T","S"
"X.570","E","K","E","T","D","Q","K","R","N","T","S"
"X.571","E","K","E","T","D","Q","R","R","N","T","S"
"X.572","E","K","E","T","N","Q","R","R","N","T","S"
"X.573","E","K","E","T","D","Q","R","R","N","T","S"
"X.574","E","K","V","T","D","Q","K","R","N","T","S"
"X.575","E","K","E","T","D","Q","K","R","N","T","S"
"X.576","D","R","V","A","D","Q","K","R","N","T","S"
"X.577","E","K","A","T","D","Q","K","T","N","T","S"
"X.578","E","K","E","T","D","Q","R","R","S","N","N"
"X.579","E","K","E","T","D","Q","R","R","S","N","N"
"X.580","E","K","E","T","D","P","K","R","N","T","S"
"X.581","E","K","E","T","D","Q","R","R","N","T","S"
"X.582","E","K","E","T","D","Q","R","R","S","N","N"
"X.583","E","K","E","T","D","Q","R","R","S","N","N"
"X.584","E","K","E","T","D","Q","R","R","S","N","K"
"X.585","E","K","E","T","N","Q","R","R","N","T","S"
"X.586","E","K","E","T","D","Q","K","R","S","N","N"
"X.587","E","K","E","T","D","Q","K","R","N","T","S"
"X.588","E","K","E","A","D","Q","K","R","N","T","S"
"X.589","E","K","A","A","D","Q","K","R","N","T","S"
"X.590","E","K","E","T","D","P","K","R","N","T","S"
"X.591","E","K","A","T","D","Q","K","R","N","T","S"
"X.592","E","K","E","T","D","Q","R","R","N","T","S"
"X.593","E","K","E","T","D","Q","K","R","N","T","S"
"X.594","E","K","V","T","D","Q","K","T","N","T","S"
"X.595","E","K","E","T","D","Q","R","R","N","T","S"
"X.596","E","K","E","T","D","Q","K","T","N","T","S"
"X.597","E","R","V","A","D","Q","K","T","N","T","S"
"X.598","E","R","V","T","D","Q","K","T","N","T","S"
"X.599","E","K","A","T","D","Q","R","R","N","T","S"
"X.600","E","K","V","A","D","Q","K","T","N","T","S"
"X.601","E","K","V","A","D","Q","K","R","N","T","S"
"X.602","D","R","V","A","N","Q","R","R","S","N","N"
"X.603","E","K","E","T","D","Q","R","R","S","N","K"
"X.604","E","K","E","T","D","Q","R","R","S","N","K"
"X.605","E","K","E","T","D","Q","K","R","N","T","S"
"X.606","E","R","V","A","D","P","K","R","N","T","S"
"X.607","E","K","E","T","D","P","K","R","N","T","S"
"X.608","E","K","E","T","D","Q","R","R","S","N","N"
"X.609","D","K","E","T","D","Q","R","R","N","T","S"
"X.610","E","K","E","A","D","Q","K","T","N","T","N"
"X.611","E","K","E","T","D","Q","R","R","S","N","N"
"X.612","E","K","E","T","D","Q","R","R","N","T","S"
"X.613","D","R","V","T","D","Q","R","R","N","T","S"
"X.614","E","R","V","A","D","Q","K","T","N","T","S"
"X.615","D","K","E","T","D","Q","R","R","N","T","S"
"X.616","E","K","V","A","D","Q","K","T","N","T","S"
"X.617","E","R","E","T","D","Q","R","R","N","T","S"
"X.618","E","K","E","T","D","Q","R","R","N","T","S"
"X.619","E","K","E","A","D","Q","K","T","N","T","N"
"X.620","E","K","E","T","N","Q","R","R","S","N","D"
"X.621","E","K","E","T","D","P","K","R","N","T","S"
"X.622","E","K","E","T","N","Q","R","R","S","N","D"
"X.623","E","K","E","A","D","Q","K","T","N","T","S"
"X.624","E","K","A","T","D","Q","K","R","N","I","S"
"X.625","E","R","V","A","D","Q","K","T","N","T","S"
"X.626","D","R","V","A","N","P","K","R","N","T","S"
"X.627","D","R","V","A","N","Q","K","R","N","T","S"
"X.628","E","K","E","A","D","Q","K","T","N","T","S"
"X.629","E","K","E","T","N","Q","K","T","N","T","S"
"X.630","E","K","E","A","D","P","K","R","N","T","S"
"X.631","E","K","E","T","D","Q","R","R","S","N","N"
"X.632","E","R","V","A","D","Q","K","T","N","T","S"
"X.633","E","K","E","T","N","Q","R","R","N","T","S"
"X.634","E","R","V","T","N","Q","K","T","N","T","S"
"X.635","E","K","E","T","D","P","K","R","N","T","S"
"X.636","E","K","E","T","D","Q","R","R","S","N","N"
"X.637","E","K","X","T","D","Q","K","R","N","T","S"
"X.638","E","K","E","T","D","Q","R","R","S","N","N"
"X.639","E","K","E","T","D","Q","R","R","S","N","S"
"X.640","E","R","V","A","D","Q","K","T","N","T","D"
"X.641","E","R","V","A","D","Q","K","T","N","T","S"
"X.642","E","K","E","T","D","Q","R","R","N","T","S"
"X.643","E","K","V","T","D","Q","R","R","S","N","N"
"X.644","E","R","V","A","D","Q","K","T","N","T","S"
"X.645","E","K","E","T","D","Q","R","R","N","T","S"
"X.646","D","R","V","A","D","Q","R","R","N","T","S"
"X.647","E","K","E","T","D","P","K","R","N","T","S"
"X.648","E","K","E","T","D","Q","K","R","N","T","S"
"X.649","E","K","G","T","D","Q","K","R","N","A","S"
"X.650","E","K","E","T","D","Q","K","R","N","T","S"
"X.651","D","K","E","T","D","Q","R","R","N","T","S"
"X.652","E","K","E","T","D","Q","R","R","N","T","S"
"X.653","D","R","V","A","D","Q","R","R","N","T","S"
"X.654","E","K","E","T","D","Q","R","R","N","T","S"
"X.655","E","K","E","T","D","Q","K","T","N","T","S"
"X.656","E","K","E","T","D","Q","R","R","S","N","K"
"X.657","E","K","E","T","N","Q","R","R","S","N","D"
"X.658","D","R","V","A","N","P","K","R","N","T","S"
"X.659","E","R","V","A","D","Q","K","T","N","T","D"
"X.660","E","K","E","A","D","Q","K","R","N","T","S"
"X.661","D","R","V","A","D","Q","K","R","N","T","S"
"X.662","E","R","V","A","D","Q","K","T","N","T","S"
"X.663","E","K","E","T","D","Q","R","T","N","N","S"
"X.664","E","K","E","T","D","P","K","R","S","N","S"
"X.665","E","K","E","T","D","Q","R","R","S","N","N"
"X.666","E","K","E","T","D","Q","R","R","N","T","S"
"X.667","E","K","E","T","D","Q","K","T","N","T","S"
"X.668","D","R","V","A","D","Q","R","R","N","T","S"
"X.669","E","K","E","T","D","Q","K","T","N","T","S"
"X.670","E","K","V","A","D","Q","K","T","N","T","S"
"X.671","E","K","E","T","D","Q","R","R","N","T","S"
"X.672","E","K","E","A","D","Q","K","T","N","T","S"
"X.673","D","R","V","A","D","Q","R","R","N","T","S"
"X.674","D","R","V","T","D","Q","R","R","S","N","N"
"X.675","E","R","V","A","D","P","K","R","N","T","S"
"X.676","E","K","E","T","D","Q","K","R","N","T","S"
"X.677","E","K","E","T","D","Q","R","R","S","N","N"
"X.678","D","R","V","A","D","Q","K","R","N","T","S"
"X.679","E","R","V","A","D","Q","K","T","N","T","S"
"X.680","E","K","E","T","N","Q","R","R","S","N","D"
"X.681","E","K","E","T","N","Q","R","R","N","T","S"
"X.682","E","R","V","A","D","Q","K","T","N","T","S"
"X.683","E","K","V","T","N","Q","R","R","N","T","S"
"X.684","E","K","E","T","D","Q","R","R","N","T","S"
"X.685","E","K","E","T","N","Q","R","R","S","N","D"
"X.686","E","K","A","T","D","Q","R","R","N","T","S"
"X.687","E","K","E","T","D","Q","K","R","N","T","S"
"X.688","E","K","E","A","D","Q","R","R","S","N","S"
"X.689","E","K","A","T","D","Q","K","R","N","T","S"
"X.690","E","K","E","T","D","Q","R","R","S","N","N"
"X.691","E","K","E","T","D","Q","R","R","N","T","S"
"X.692","E","K","E","T","D","Q","R","R","S","N","N"
"X.693","E","K","E","T","D","Q","R","R","N","T","S"
"X.694","E","R","V","A","D","Q","K","T","N","T","S"
"X.695","E","K","E","A","D","Q","K","R","N","T","S"
"X.696","E","K","E","A","N","P","K","R","N","T","S"
"X.697","E","R","E","T","D","P","R","R","N","T","S"
"X.698","E","K","V","A","D","Q","K","T","N","T","S"
"X.699","E","K","E","T","D","Q","R","R","S","N","N"
"X.700","E","K","E","T","D","Q","R","R","N","T","S"
"X.701","E","K","E","T","D","Q","K","R","N","T","S"
"X.702","E","K","E","T","D","P","K","R","N","T","S"
"X.703","E","R","V","A","D","Q","K","T","N","T","S"
"X.704","E","R","V","A","D","Q","K","T","N","T","S"
"X.705","E","K","E","T","D","Q","K","T","N","T","S"
"X.706","D","R","V","A","D","Q","R","R","S","N","N"
"X.707","E","K","E","T","D","Q","K","T","N","T","N"
"X.708","E","K","E","T","D","Q","R","R","S","N","N"
"X.709","E","K","E","T","D","Q","R","R","N","T","S"
"X.710","E","R","V","A","D","Q","K","T","N","T","S"
"X.711","E","K","E","T","D","Q","K","R","S","N","D"
"X.712","E","K","E","A","D","Q","K","T","N","T","S"
"X.713","E","R","E","A","D","R","K","R","N","T","S"
"X.714","E","K","E","A","N","Q","R","R","N","T","S"
"X.715","E","K","E","T","D","Q","R","R","N","T","S"
"X.716","E","K","E","T","D","Q","R","R","N","T","S"
"X.717","E","R","V","A","D","Q","K","T","N","T","S"
"X.718","E","K","V","T","D","Q","K","R","N","T","S"
"X.719","E","R","V","A","D","Q","K","T","N","T","D"
"X.720","E","R","V","A","D","Q","K","T","N","T","S"
"X.721","E","K","A","T","D","Q","K","T","N","T","S"
"X.722","E","K","E","T","D","Q","R","R","S","N","N"
"X.723","E","K","E","T","D","Q","K","T","N","T","S"
"X.724","E","K","E","A","D","Q","K","T","N","T","S"
"X.725","E","K","E","T","D","Q","R","R","S","N","N"
"X.726","E","K","E","T","N","Q","R","R","S","N","D"
"X.727","E","K","E","T","N","Q","R","R","S","N","D"
"X.728","E","R","V","A","D","Q","K","T","N","T","S"
"X.729","E","K","X","T","D","Q","K","T","N","T","S"
"X.730","E","K","E","T","D","Q","K","T","N","T","S"
"X.731","E","R","V","A","D","Q","K","T","N","T","S"
"X.732","E","K","E","T","D","Q","K","R","N","T","S"
"X.733","E","K","E","A","D","Q","K","T","N","T","S"
"X.734","E","K","E","A","D","Q","K","T","N","T","S"
"X.735","E","R","V","A","N","Q","K","T","N","T","D"
"X.736","D","K","E","T","D","Q","R","R","N","T","S"
"X.737","E","K","E","T","D","Q","R","R","S","N","K"
"X.738","E","R","V","T","D","Q","K","T","N","T","S"
"X.739","E","K","E","T","D","Q","R","R","N","T","S"
"X.740","E","K","E","T","D","Q","R","R","S","N","K"
"X.741","E","K","E","T","N","P","K","R","N","T","S"
"X.742","E","K","E","T","D","Q","K","R","N","T","S"
"X.743","E","R","V","A","D","Q","K","T","N","T","S"
"X.744","E","K","E","T","D","Q","K","T","N","T","S"
"X.745","D","R","V","A","N","P","K","R","N","T","S"
"X.746","E","K","E","A","N","P","K","R","N","T","S"
"X.747","E","R","V","A","D","Q","R","R","N","T","S"
"X.748","E","R","V","A","D","Q","K","T","N","T","S"
"X.749","E","R","V","A","D","Q","K","T","N","T","S"
"X.750","E","K","E","T","D","Q","K","R","N","T","S"
"X.751","E","K","E","T","D","Q","R","R","S","N","N"
"X.752","E","R","V","A","D","Q","R","R","N","T","S"
"X.753","E","K","E","T","D","Q","R","R","S","N","N"
"X.754","E","K","V","A","D","Q","K","R","N","T","S"
"X.755","D","R","V","A","N","Q","R","R","S","N","N"
"X.756","E","R","V","A","D","Q","K","T","N","T","S"
"X.757","E","K","E","T","D","Q","R","R","N","T","S"
"X.758","E","K","A","A","D","Q","K","R","N","T","S"
"X.759","E","K","E","T","D","Q","R","R","S","N","N"
"X.760","E","K","E","T","D","Q","R","R","N","T","S"
"X.761","E","K","E","T","D","Q","K","R","N","T","S"
"X.762","E","K","E","T","D","Q","K","T","N","T","S"
"X.763","E","K","E","T","D","Q","R","R","S","N","N"
"X.764","E","K","E","T","D","Q","K","R","N","T","S"
"X.765","E","K","E","T","D","Q","R","R","N","T","S"
"X.766","E","K","E","T","D","Q","K","R","N","T","S"
"X.767","E","K","E","A","N","Q","K","T","N","T","S"
"X.768","E","K","E","A","D","Q","K","T","N","T","S"
"X.769","E","K","E","T","D","Q","K","T","N","T","S"
"X.770","E","K","A","T","D","Q","K","T","N","T","S"
"X.771","E","K","A","T","D","Q","R","R","N","T","S"
"X.772","E","K","A","T","D","Q","R","T","N","T","S"
"X.773","E","K","E","T","D","Q","R","R","N","T","S"
"X.774","D","R","V","A","D","Q","R","R","N","T","S"
"X.775","E","K","E","T","D","Q","R","R","N","T","S"
"X.776","E","K","E","T","D","P","K","R","N","T","S"
"X.777","E","K","V","A","D","Q","K","T","N","T","S"
"X.778","E","K","A","T","D","P","K","R","N","A","S"
"X.779","E","K","E","T","D","Q","K","R","N","T","S"
"X.780","E","K","E","T","D","Q","R","R","S","N","N"
"X.781","E","K","E","T","D","Q","K","R","N","N","S"
"X.782","E","K","E","T","D","Q","K","R","N","T","S"
"X.783","E","K","A","T","D","Q","K","R","N","I","S"
"X.784","E","R","V","A","D","Q","K","T","N","T","S"
"X.785","D","R","A","A","D","P","K","R","N","T","S"
"X.786","E","K","E","T","D","Q","R","R","N","T","S"
"X.787","E","K","E","T","D","Q","K","R","N","T","S"
"X.788","E","R","V","A","D","Q","K","T","N","T","D"
"X.789","E","K","A","T","D","Q","K","T","N","T","S"
"X.790","E","K","E","T","D","Q","R","R","N","T","S"
"X.791","E","R","V","A","D","Q","R","R","N","T","S"
"X.792","E","K","A","T","D","Q","K","R","K","T","S"
"X.793","E","K","E","T","N","Q","R","R","N","T","S"
"X.794","E","K","E","A","D","Q","R","R","S","N","N"
"X.795","D","R","V","A","N","Q","K","R","N","T","S"
"X.796","E","K","E","T","N","Q","R","R","S","N","D"
"X.797","E","K","E","T","D","Q","R","R","S","N","S"
"X.798","E","K","E","T","D","Q","R","R","N","T","S"
"X.799","E","K","E","T","D","Q","K","T","N","T","S"
"X.800","E","K","E","T","D","Q","R","R","S","N","N"
"X.801","E","K","E","T","D","Q","R","R","N","T","S"
"X.802","E","R","V","A","D","Q","K","T","N","T","S"
"X.803","E","K","E","T","D","Q","R","R","S","N","N"
"X.804","E","K","E","T","D","Q","R","R","N","T","S"
"X.805","E","K","E","T","D","P","K","R","N","T","S"
"X.806","E","K","E","A","D","Q","K","T","N","T","S"
"X.807","E","K","E","T","D","P","K","R","N","T","S"
"X.808","E","K","E","T","D","Q","K","R","N","T","S"
"X.809","D","R","V","T","D","P","K","R","N","T","S"
"X.810","E","R","E","T","N","Q","K","R","N","T","S"
"X.811","E","K","A","T","D","Q","K","T","N","T","S"
"X.812","E","K","E","T","D","Q","R","R","N","T","S"
"X.813","E","K","E","T","D","Q","R","R","N","T","S"
"X.814","E","K","V","A","D","Q","K","T","N","T","S"
"X.815","E","K","E","T","D","Q","R","R","S","N","K"
"X.816","E","K","E","T","D","Q","R","R","S","N","N"
"X.817","E","R","V","A","D","Q","K","T","N","T","S"
"X.818","E","K","E","T","D","Q","R","R","N","T","S"
"X.819","D","R","V","A","D","Q","K","R","N","T","S"
"X.820","E","K","E","T","D","Q","K","T","N","T","S"
"X.821","E","R","V","A","D","Q","K","T","N","T","S"
"X.822","E","K","E","T","D","Q","R","R","S","N","K"
"X.823","E","K","V","A","D","Q","K","R","N","T","S"
"X.824","E","K","E","T","D","R","K","R","N","T","S"
"X.825","E","K","E","T","D","Q","K","T","N","T","S"
"X.826","E","K","A","T","D","Q","K","T","N","T","S"
"X.827","E","K","E","T","D","Q","K","T","N","T","S"
"X.828","D","R","V","A","D","Q","R","R","N","T","S"
"X.829","E","K","E","T","D","Q","K","T","N","T","S"
"X.830","E","K","E","T","D","Q","R","R","S","N","N"
"X.831","E","K","V","A","D","Q","K","T","N","T","S"
"X.832","E","K","E","A","N","Q","R","R","N","T","S"
"X.833","E","K","E","T","D","Q","K","T","N","T","S"
"X.834","E","K","E","T","D","Q","K","R","N","T","S"
"X.835","E","K","E","T","D","P","K","R","N","T","S"
"X.836","E","R","V","A","D","Q","K","T","N","T","S"
"X.837","E","K","E","T","D","Q","R","R","N","T","S"
"X.838","E","K","E","T","D","Q","R","R","S","N","N"
"X.839","E","K","E","T","D","Q","R","R","N","T","S"
"X.840","E","K","V","A","D","Q","K","T","N","T","S"
"X.841","E","K","E","T","D","Q","R","R","N","T","S"
"X.842","E","R","V","A","N","P","K","R","N","T","S"
"X.843","E","K","E","T","D","Q","R","R","S","N","K"
"X.844","E","K","E","T","D","Q","K","R","N","T","S"
"X.845","D","R","V","A","N","P","K","R","N","T","S"
"X.846","D","K","E","T","D","Q","R","R","N","T","S"
"X.847","E","K","E","T","D","Q","K","R","N","T","S"
"X.848","E","R","V","A","D","Q","K","T","N","T","D"
"X.849","E","K","A","T","D","Q","R","R","S","N","N"
"X.850","E","K","E","T","D","Q","K","T","N","T","S"
"X.851","E","K","E","T","N","P","K","R","N","T","S"
"X.852","E","K","E","T","D","Q","R","R","N","T","S"
"X.853","E","K","E","T","D","Q","R","R","N","T","S"
"X.854","E","K","E","T","D","Q","R","R","S","N","K"
"X.855","E","R","V","A","D","Q","K","T","N","T","S"
"X.856","E","K","V","A","D","Q","K","T","N","T","S"
"X.857","E","K","E","T","D","Q","R","R","N","T","S"
"X.858","E","K","E","T","D","Q","K","T","N","T","S"
"X.859","E","R","V","A","D","Q","R","R","N","T","S"
"X.860","E","K","E","T","D","Q","K","R","N","T","S"
"X.861","E","R","V","A","D","Q","K","T","N","T","S"
"X.862","E","K","E","A","D","Q","K","T","N","T","S"
"X.863","E","K","E","T","N","Q","K","T","N","T","N"
"X.864","E","K","E","T","D","Q","K","T","N","T","S"
"X.865","E","R","V","A","D","P","K","R","N","T","S"
"X.866","E","K","E","T","D","Q","R","R","N","T","S"
"X.867","E","K","E","T","D","Q","R","R","S","N","N"
"X.868","E","R","E","T","D","P","R","R","N","T","S"
"X.869","E","K","E","T","D","Q","R","R","N","T","S"
"X.870","E","K","V","A","D","Q","K","R","N","T","S"
"X.871","E","R","V","A","D","Q","K","T","N","T","S"
"X.872","E","K","E","T","D","Q","K","R","N","T","S"
"X.873","E","R","V","A","D","Q","K","R","N","T","S"
"X.874","E","R","V","A","D","Q","K","R","N","T","S"
"X.875","E","R","V","A","D","Q","R","R","S","N","K"
"X.876","E","K","E","T","D","Q","K","R","N","T","S"
"X.877","E","K","E","T","N","Q","K","R","N","T","S"
"X.878","E","K","E","T","D","R","K","R","N","T","S"
"X.879","E","K","E","T","D","Q","R","R","S","N","K"
"X.880","E","R","V","A","D","Q","K","R","N","T","S"
"X.881","E","R","A","T","D","Q","R","R","N","T","S"
"X.882","E","K","E","T","D","Q","K","T","N","T","S"
"X.883","E","K","E","T","D","Q","R","R","N","T","S"
"X.884","E","K","V","T","D","P","K","R","N","T","S"
"X.885","D","R","V","A","D","R","K","R","N","T","S"
"X.886","E","K","E","T","D","P","K","R","N","T","S"
"X.887","E","K","E","T","D","Q","R","R","N","T","S"
"X.888","D","R","V","A","D","Q","R","R","N","T","S"
"X.889","E","K","A","T","D","Q","K","R","K","T","S"
"X.890","E","K","E","T","D","Q","K","T","N","T","S"
"X.891","E","R","V","A","D","P","K","R","N","T","S"
"X.892","D","R","V","A","D","Q","R","R","N","T","S"
"X.893","E","R","V","A","D","Q","K","T","N","T","S"
"X.894","E","K","E","T","D","Q","R","R","N","T","S"
"X.895","E","K","E","T","D","Q","R","R","N","T","S"
"X.896","E","K","E","T","D","Q","K","R","N","T","S"
"X.897","E","K","V","T","D","Q","K","T","N","T","S"
"X.898","E","K","V","T","D","Q","K","R","N","T","S"
"X.899","E","K","E","T","D","Q","R","R","N","T","S"
"X.900","E","K","E","T","D","Q","R","R","N","T","S"
"X.901","E","K","E","T","D","Q","R","R","N","T","S"
"X.902","E","K","E","T","D","Q","R","R","S","N","K"
"X.903","E","K","E","T","N","Q","R","R","S","N","D"
"X.904","E","K","E","T","D","Q","R","R","N","T","S"
"X.905","E","K","V","T","D","Q","K","T","N","T","S"
"X.906","E","K","E","T","D","Q","R","R","S","N","N"
"X.907","E","K","E","T","N","Q","R","R","S","N","D"
"X.908","E","K","A","T","D","Q","K","R","N","T","S"
"X.909","E","K","E","T","D","Q","R","R","S","N","N"
"X.910","E","K","E","T","D","Q","R","R","S","N","N"
"X.911","E","K","E","T","D","Q","R","R","S","N","N"
"X.912","E","K","E","T","D","Q","R","R","N","T","S"
"X.913","E","R","V","A","D","Q","K","T","N","T","D"
"X.914","E","K","A","T","D","Q","R","R","N","T","S"
"X.915","E","K","E","T","D","Q","R","R","S","N","N"
"X.916","E","K","E","T","D","Q","K","R","N","T","S"
"X.917","E","K","E","T","D","Q","R","R","N","T","S"
"X.918","E","K","E","T","D","Q","R","R","S","N","N"
"X.919","E","K","E","A","N","R","K","R","N","T","S"
"X.920","E","K","V","T","D","Q","K","R","N","T","S"
"X.921","E","K","E","T","D","Q","R","R","S","N","N"
"X.922","E","K","E","T","D","Q","R","R","N","T","S"
"X.923","E","K","E","T","D","Q","K","T","N","T","S"
"X.924","D","R","V","A","N","P","K","R","N","T","S"
"X.925","E","K","E","A","N","Q","R","R","N","T","S"
"X.926","E","K","A","T","D","P","K","R","N","T","S"
"X.927","E","K","E","T","D","Q","K","T","N","T","S"
"X.928","E","K","E","T","D","P","K","R","N","T","S"
"X.929","E","R","E","T","D","Q","K","R","N","T","S"
"X.930","E","K","E","T","D","Q","K","T","N","T","S"
"X.931","E","K","A","T","D","Q","K","R","N","T","S"
"X.932","E","K","E","T","D","Q","R","R","S","N","N"
"X.933","E","K","V","A","D","Q","K","R","N","T","S"
"X.934","E","K","E","A","D","Q","K","R","N","T","S"
"X.935","E","K","E","T","D","Q","K","R","N","T","S"
"X.936","E","K","E","T","D","Q","K","T","N","T","N"
"X.937","E","R","V","A","D","Q","K","R","N","T","S"
"X.938","E","K","V","A","D","Q","K","T","N","T","S"
"X.939","E","K","E","T","D","Q","R","R","S","N","K"
"X.940","E","K","E","T","D","P","K","R","N","T","S"
"X.941","E","K","E","T","D","Q","R","R","N","T","S"
"X.942","E","K","E","T","D","P","K","R","N","T","S"
"X.943","E","R","V","A","D","Q","K","T","N","T","S"
"X.944","E","K","E","A","N","Q","R","R","N","T","S"
"X.945","E","K","G","A","N","P","K","R","N","T","S"
"X.946","E","R","V","A","D","Q","K","T","N","T","S"
"X.947","E","K","E","T","N","Q","R","R","N","T","S"
"X.948","E","K","E","T","D","P","K","R","N","T","S"
"X.949","E","K","A","T","D","Q","K","R","N","T","S"
"X.950","E","K","E","T","D","P","K","R","N","T","S"
"X.951","E","K","E","T","D","Q","R","R","N","T","S"
"X.952","E","R","V","A","D","Q","K","R","N","T","S"
"X.953","E","K","E","A","D","Q","K","R","N","T","S"
"X.954","E","K","E","T","D","Q","K","R","N","T","S"
"X.955","E","K","E","T","D","Q","R","R","N","T","S"
"X.956","E","K","E","T","N","Q","K","R","N","I","S"
"X.957","E","R","V","A","D","Q","K","R","N","T","S"
"X.958","E","K","Q","T","D","Q","K","T","N","T","S"
"X.959","E","K","E","T","N","Q","R","R","S","N","D"
"X.960","E","K","E","T","D","Q","R","R","S","N","N"
"X.961","E","R","V","A","D","Q","K","T","N","T","S"
"X.962","E","K","E","A","D","Q","K","T","N","T","S"
"X.963","D","K","E","T","D","Q","R","R","N","T","S"
"X.964","E","K","E","T","D","Q","R","R","S","N","N"
"X.965","E","K","E","T","D","P","K","R","N","T","S"
"X.966","E","K","E","A","D","Q","K","T","N","T","S"
"X.967","E","K","E","T","D","Q","K","T","N","T","S"
"X.968","E","K","E","T","D","Q","R","R","N","T","S"
"X.969","E","R","V","A","D","Q","K","T","N","T","S"
"X.970","E","K","E","T","D","Q","R","R","N","T","S"
"X.971","E","K","A","T","D","Q","R","R","N","T","S"
"X.972","E","K","E","T","D","Q","R","R","N","T","S"
"X.973","E","K","E","T","D","Q","R","R","S","N","S"
"X.974","D","R","V","A","N","Q","R","R","S","N","N"
"X.975","E","K","V","A","D","Q","K","T","N","T","S"
"X.976","E","K","V","A","D","Q","K","T","N","T","S"
"X.977","E","K","E","T","D","Q","R","R","S","N","K"
"X.978","E","K","E","A","N","Q","R","R","N","T","S"
"X.979","E","K","E","T","D","Q","R","R","N","T","S"
"X.980","D","R","V","A","N","P","K","R","N","T","S"
"X.981","E","K","E","T","D","Q","K","R","N","T","S"
"X.982","E","R","V","A","D","Q","K","T","N","T","S"
"X.983","E","R","V","A","D","Q","K","T","N","T","D"
"X.984","E","R","V","A","D","Q","K","T","N","T","S"
"X.985","E","K","E","T","D","Q","R","R","S","N","N"
"X.986","E","K","E","T","N","Q","R","R","S","N","D"
"X.987","E","K","E","T","D","Q","K","R","N","T","S"
"X.988","E","K","E","T","N","Q","R","R","S","N","D"
"X.989","D","R","V","A","D","Q","K","T","N","T","S"
"X.990","D","R","V","A","D","Q","K","R","N","T","S"
"X.991","E","K","E","T","D","Q","R","R","S","N","S"
"X.992","D","R","V","T","D","Q","R","R","N","T","S"
"X.993","E","K","E","T","D","Q","K","R","N","T","S"
"X.994","E","R","V","A","D","Q","K","T","N","T","S"
"X.995","E","K","V","A","D","Q","K","T","N","T","S"
"X.996","D","R","V","A","D","Q","R","R","N","T","S"
"X.997","E","K","E","T","D","Q","R","R","N","T","S"
"X.998","D","R","E","T","D","P","K","R","N","T","S"
"X.999","E","R","V","A","D","Q","K","R","N","T","S"
"X.1000","D","R","V","A","N","P","K","R","N","T","S"
"X.1001","E","R","V","A","D","Q","K","T","N","T","S"
"X.1002","E","K","V","T","D","P","K","R","N","T","S"
"X.1003","E","K","V","A","D","Q","K","T","N","T","S"
"X.1004","E","K","E","T","D","Q","R","R","N","T","S"
"X.1005","E","K","E","T","D","Q","K","T","N","T","S"
"X.1006","E","R","V","A","D","Q","K","R","N","T","S"
"X.1007","E","R","V","A","D","Q","K","T","N","T","S"
"X.1008","E","K","E","T","D","Q","R","R","S","N","N"
"X.1009","E","K","E","T","D","Q","K","T","N","T","S"
"X.1010","E","K","E","T","D","Q","K","T","N","T","S"
"X.1011","E","K","E","T","D","Q","K","R","N","T","S"
"X.1012","E","R","V","A","D","Q","K","R","N","T","S"
"X.1013","E","K","E","T","D","Q","R","R","S","N","N"
"X.1014","E","K","E","T","D","P","K","R","N","T","S"
"X.1015","E","K","E","T","D","Q","R","R","S","N","N"
"X.1016","E","R","E","T","N","Q","K","R","N","T","S"
"X.1017","D","R","V","A","N","Q","K","R","N","T","S"
"X.1018","E","K","E","T","D","Q","R","R","N","T","S"
"X.1019","E","K","E","T","D","Q","R","R","S","N","N"
"X.1020","E","K","E","T","D","Q","R","R","N","T","S"
"X.1021","D","R","V","A","D","Q","K","R","N","T","S"
"X.1022","E","R","V","A","D","Q","K","T","N","T","S"
"X.1023","E","R","V","A","D","Q","K","R","N","T","S"
"X.1024","E","K","E","A","D","Q","K","R","N","T","S"
"X.1025","E","K","E","T","D","Q","R","R","N","T","S"
"X.1026","E","K","E","T","D","Q","R","R","S","N","N"
"X.1027","E","K","E","T","D","Q","K","R","N","T","S"
"X.1028","E","R","V","A","D","Q","K","T","N","T","S"
"X.1029","E","K","E","T","N","Q","R","R","S","N","D"
"X.1030","E","K","E","T","D","Q","R","R","S","N","N"
"X.1031","E","K","E","A","D","Q","K","T","N","T","N"
"X.1032","E","R","V","V","D","Q","K","T","N","T","S"
"X.1033","E","R","V","T","D","Q","K","T","N","T","S"
"X.1034","E","K","E","T","D","Q","K","R","N","T","S"
"X.1035","E","K","E","T","D","Q","K","R","N","T","S"
"X.1036","E","K","E","T","D","Q","R","R","N","T","S"
"X.1037","E","K","E","T","N","Q","R","R","S","N","D"
"X.1038","E","K","E","A","D","Q","K","T","N","T","S"
"X.1039","E","K","A","T","D","Q","R","R","N","T","S"
"X.1040","E","R","V","A","D","Q","K","T","N","T","S"
"X.1041","E","K","E","T","D","Q","R","R","N","T","S"
"X.1042","E","R","V","A","D","Q","K","T","N","T","S"
"X.1043","E","R","V","A","D","Q","K","T","N","T","S"
"X.1044","E","R","V","A","D","P","K","R","N","T","S"
"X.1045","D","R","V","A","N","Q","R","R","S","N","N"
"X.1046","E","R","V","A","D","Q","K","R","N","T","S"
"X.1047","E","K","E","A","N","Q","R","R","N","T","S"
"X.1048","D","R","V","A","N","R","K","R","N","T","S"
"X.1049","E","R","V","A","D","Q","K","T","N","T","S"
"X.1050","E","K","E","T","D","Q","R","R","N","T","S"
"X.1051","E","K","E","A","N","Q","R","R","N","T","S"
"X.1052","E","K","E","T","D","P","K","R","N","T","S"
"X.1053","E","K","V","A","N","Q","R","R","S","N","N"
"X.1054","D","K","E","T","D","P","K","R","N","T","S"
"X.1055","D","R","V","A","N","Q","R","R","S","N","N"
"X.1056","E","K","E","T","N","Q","R","R","S","N","D"
"X.1057","E","R","V","A","D","Q","K","T","N","T","S"
"X.1058","E","K","A","T","D","Q","R","T","N","T","S"
"X.1059","E","K","V","T","D","Q","K","R","N","T","S"
"X.1060","E","R","V","A","D","Q","K","R","N","T","S"
"X.1061","E","K","E","T","D","Q","R","R","N","T","S"
"X.1062","E","K","E","T","D","Q","R","R","N","T","S"
"X.1063","E","K","E","T","D","Q","K","R","N","T","S"
"X.1064","E","K","E","T","D","Q","R","R","N","T","S"
"X.1065","E","K","V","A","D","Q","K","T","N","T","S"
"X.1066","E","K","E","T","D","Q","R","R","N","T","S"
"X.1067","E","K","V","A","D","Q","K","T","N","T","S"
"X.1068","E","R","V","A","N","Q","R","R","N","T","S"
"X.1069","E","K","V","A","D","Q","K","T","N","T","S"
"X.1070","E","K","E","T","D","P","K","R","N","T","S"
"X.1071","E","K","A","T","D","Q","K","R","N","T","S"
"X.1072","E","K","E","T","D","Q","K","R","N","T","S"
"X.1073","E","R","V","A","D","Q","K","T","N","T","S"
"X.1074","E","R","V","A","D","Q","K","T","N","T","S"
"X.1075","E","K","E","T","D","P","K","R","N","T","S"
"X.1076","E","R","V","A","D","Q","K","T","N","T","S"
"X.1077","E","K","E","T","D","Q","R","R","N","T","S"
"X.1078","E","R","X","T","D","Q","R","T","N","T","S"
"X.1079","E","K","E","T","N","Q","R","R","N","T","S"
"X.1080","E","K","E","T","D","Q","R","R","S","N","N"
"X.1081","E","K","A","T","N","Q","K","T","N","T","S"
"X.1082","E","K","E","T","D","P","K","R","N","T","S"
"X.1083","E","K","A","T","D","Q","R","R","S","N","K"
"X.1084","E","R","V","A","D","Q","K","T","N","T","S"
"X.1085","E","R","V","T","D","Q","R","R","N","T","S"
"X.1086","E","R","V","A","D","Q","K","R","N","T","S"
"X.1087","E","K","E","T","D","Q","R","R","S","N","N"
"X.1088","E","K","E","T","D","Q","R","R","S","N","N"
"X.1089","E","K","E","T","D","Q","R","R","N","T","S"
"X.1090","E","K","E","T","D","Q","R","R","S","N","N"
"X.1091","E","R","V","A","D","Q","K","T","N","T","D"
"X.1092","E","K","E","T","D","Q","R","R","N","T","S"
"X.1093","E","R","V","A","D","P","K","R","N","T","S"
"X.1094","E","K","E","T","D","R","K","R","N","T","S"
"X.1095","E","K","E","T","D","Q","R","R","S","N","N"
"X.1096","E","K","E","T","D","Q","K","R","S","N","S"
"X.1097","E","K","E","T","D","P","K","R","N","T","S"
"X.1098","E","K","E","T","D","Q","K","R","N","T","S"
"X.1099","E","R","V","A","D","Q","K","T","N","T","S"
"X.1100","D","K","A","A","D","Q","R","R","N","T","S"
"X.1101","D","R","V","A","D","Q","R","R","N","T","S"
"X.1102","E","K","E","T","D","Q","K","T","N","T","S"
"X.1103","E","R","V","A","D","Q","K","T","N","T","S"
"X.1104","E","K","E","T","N","Q","R","R","S","N","N"
"X.1105","E","K","E","T","D","Q","R","R","S","N","N"
"X.1106","E","R","V","A","D","Q","K","T","N","T","S"
"X.1107","E","K","E","T","D","Q","R","R","N","T","S"
"X.1108","E","K","E","T","D","Q","R","R","S","N","N"
"X.1109","E","K","E","T","D","Q","R","R","S","N","N"
"X.1110","D","R","V","A","N","R","K","R","N","T","S"
"X.1111","E","K","A","T","D","Q","R","R","N","T","S"
"X.1112","E","K","E","A","D","Q","R","R","S","N","N"
"X.1113","E","R","V","A","D","Q","K","R","N","T","S"
"X.1114","E","R","V","A","D","Q","K","R","N","T","S"
"X.1115","E","K","V","A","D","P","K","R","N","T","S"
"X.1116","E","K","E","T","D","Q","R","R","S","N","N"
"X.1117","E","K","E","T","D","Q","R","R","S","N","N"
"X.1118","E","K","V","T","D","Q","K","R","N","T","S"
"X.1119","E","R","V","A","D","Q","K","T","N","T","S"
"X.1120","E","K","E","T","D","Q","R","R","S","N","N"
"X.1121","D","R","V","A","D","Q","R","R","N","T","S"
"X.1122","E","K","E","T","D","Q","K","R","N","T","S"
"X.1123","E","K","E","T","D","Q","R","R","N","T","S"
"X.1124","E","K","E","T","D","P","K","R","N","T","S"
"X.1125","E","K","E","T","D","Q","K","T","N","T","S"
"X.1126","E","R","V","T","D","Q","K","T","N","T","S"
"X.1127","E","K","E","T","D","Q","R","R","S","N","N"
"X.1128","E","K","E","T","D","Q","R","R","N","T","S"
"X.1129","E","K","E","T","D","P","K","R","N","T","S"
"X.1130","E","K","V","T","D","P","K","R","N","T","S"
"X.1131","E","K","E","T","D","P","K","R","N","T","S"
"X.1132","E","K","E","T","D","Q","R","R","N","T","S"
"X.1133","E","K","E","T","D","Q","R","R","S","N","N"
"X.1134","E","K","A","T","D","Q","K","T","N","T","S"
"X.1135","E","K","E","T","D","Q","R","R","S","N","N"
"X.1136","E","K","E","T","D","Q","R","R","N","T","S"
"X.1137","D","R","V","A","N","Q","R","R","S","N","N"
"X.1138","E","K","X","T","D","Q","K","T","N","T","S"
"X.1139","E","K","E","T","D","Q","R","R","S","N","K"
"X.1140","E","R","V","A","D","Q","K","R","N","T","S"
"X.1141","E","K","E","T","D","Q","K","R","N","T","S"
"X.1142","E","R","V","A","D","Q","K","T","N","T","D"
"X.1143","E","K","E","T","D","Q","K","R","N","T","S"
"X.1144","E","K","E","T","N","Q","R","R","S","N","D"
"X.1145","E","K","E","T","N","Q","R","R","S","N","D"
"X.1146","E","K","E","T","D","Q","K","T","N","T","S"
"X.1147","E","K","E","A","D","Q","K","R","N","T","S"
"X.1148","E","K","E","T","D","Q","K","T","N","T","S"
"X.1149","E","R","V","A","D","Q","K","T","N","T","D"
"X.1150","E","K","E","T","D","Q","R","R","S","N","N"
"X.1151","E","K","A","A","D","Q","K","R","N","T","S"
"X.1152","E","K","E","T","D","Q","R","R","N","T","S"
"X.1153","E","R","V","A","D","Q","R","R","N","T","S"
"X.1154","E","K","E","A","D","Q","K","T","N","T","S"
"X.1155","E","K","E","T","D","Q","R","R","N","T","S"
"X.1156","E","K","A","T","D","Q","K","R","N","T","S"
"X.1157","E","K","V","A","D","Q","K","T","N","T","S"
"X.1158","E","R","V","A","D","Q","K","T","N","T","S"
"X.1159","E","K","E","T","D","Q","R","R","S","N","N"
"X.1160","E","K","A","T","D","Q","K","T","N","T","N"
"X.1161","E","K","E","T","D","Q","R","R","S","N","N"
"X.1162","E","K","E","T","D","Q","K","T","N","T","S"
"X.1163","E","K","A","T","D","Q","R","R","N","T","S"
"X.1164","E","R","V","A","D","Q","K","T","N","T","D"
"X.1165","E","K","E","T","D","Q","K","T","N","T","S"
"X.1166","E","K","A","T","D","Q","K","R","N","T","S"
"X.1167","E","K","E","T","D","Q","K","R","N","T","S"
"X.1168","E","K","E","T","D","Q","R","R","N","T","S"
"X.1169","E","K","E","T","D","Q","K","R","N","T","S"
"X.1170","E","K","E","T","D","Q","R","R","S","N","S"
"X.1171","E","R","V","A","D","Q","K","R","N","T","S"
"X.1172","E","K","E","A","N","Q","R","R","N","T","S"
"X.1173","D","K","E","T","D","Q","R","R","N","T","S"
"X.1174","E","R","V","A","D","Q","K","T","N","T","D"
"X.1175","E","K","E","T","N","Q","R","R","N","T","S"
"X.1176","E","R","V","A","D","Q","K","T","N","T","D"
"X.1177","E","R","V","A","D","Q","K","T","N","T","S"
"X.1178","E","K","A","T","D","Q","K","T","N","I","S"
"X.1179","E","R","V","A","D","Q","K","R","N","T","S"
"X.1180","E","K","E","T","D","Q","K","T","N","T","S"
"X.1181","E","K","V","T","D","Q","K","R","N","T","S"
"X.1182","E","K","A","T","D","Q","R","R","N","T","S"
"X.1183","D","R","V","A","N","L","K","R","N","T","S"
"X.1184","E","R","V","A","D","Q","K","R","N","T","S"
"X.1185","E","K","V","A","D","Q","K","R","N","T","S"
"X.1186","E","K","E","T","D","Q","R","R","N","T","S"
"X.1187","E","R","V","A","D","Q","K","R","N","T","S"
"X.1188","E","K","V","T","D","P","K","R","N","T","S"
"X.1189","E","K","V","T","D","Q","K","R","N","T","S"
"X.1190","E","K","E","T","D","Q","K","R","N","T","S"
"X.1191","E","K","A","T","D","Q","R","R","S","N","N"
"X.1192","E","K","E","T","D","Q","R","R","S","N","N"
"X.1193","E","R","V","A","D","Q","K","T","N","T","S"
"X.1194","E","K","E","T","D","Q","R","R","N","T","S"
"X.1195","E","K","E","T","D","Q","K","R","N","T","S"
"X.1196","E","R","V","A","D","Q","K","R","N","T","S"
"X.1197","E","K","E","T","N","Q","R","R","S","N","D"
"X.1198","E","K","E","T","D","P","K","R","N","T","S"
"X.1199","E","R","V","T","D","Q","K","T","N","T","S"
"X.1200","E","K","A","T","D","Q","K","R","N","T","S"
"X.1201","E","K","E","T","N","Q","K","T","N","T","S"
"X.1202","E","K","E","A","D","Q","K","T","N","T","S"
"X.1203","E","K","V","T","D","Q","K","R","N","T","S"
"X.1204","E","K","E","T","N","Q","R","R","S","N","D"
"X.1205","E","K","E","A","D","Q","K","T","N","T","S"
"X.1206","E","K","E","T","D","Q","K","R","N","T","S"
"X.1207","E","K","E","T","N","Q","R","R","N","T","S"
"X.1208","E","K","E","T","D","Q","K","R","N","T","S"
"X.1209","E","K","V","T","D","Q","K","R","N","T","S"
"X.1210","E","K","E","T","D","Q","R","R","N","T","S"
"X.1211","E","R","V","A","D","Q","K","T","N","T","S"
"X.1212","E","K","A","T","D","Q","K","R","N","T","S"
"X.1213","D","R","V","A","D","Q","R","R","N","T","S"
"X.1214","D","R","V","A","D","Q","K","R","N","T","S"
"X.1215","E","K","V","T","D","Q","K","R","N","T","S"
"X.1216","E","K","E","T","D","Q","R","R","S","N","N"
"X.1217","E","K","E","T","D","Q","K","T","N","T","S"
"X.1218","E","K","E","T","D","Q","R","R","N","T","S"
"X.1219","E","K","E","T","D","Q","K","R","N","T","S"
"X.1220","E","K","E","T","D","Q","R","R","N","T","S"
"X.1221","E","K","E","T","D","Q","R","R","S","N","N"
"X.1222","E","R","V","A","D","Q","R","R","N","T","S"
"X.1223","D","R","V","A","D","Q","R","R","N","T","S"
"X.1224","E","R","V","A","D","Q","K","T","N","T","S"
"X.1225","E","K","V","P","D","Q","K","R","N","T","S"
"X.1226","E","K","E","T","N","Q","R","R","S","N","D"
"X.1227","E","K","E","A","N","Q","R","R","N","T","S"
"X.1228","E","K","V","A","D","R","K","R","N","T","S"
"X.1229","D","R","V","A","N","R","K","R","N","T","S"
"X.1230","E","R","V","A","D","Q","K","R","N","I","S"
"X.1231","E","R","V","A","D","Q","R","R","N","T","S"
"X.1232","E","K","E","T","N","Q","R","R","S","N","D"
"X.1233","E","R","V","T","D","Q","R","R","N","T","S"
"X.1234","E","K","E","T","N","P","K","R","N","T","S"
"X.1235","E","K","V","T","D","P","K","T","N","T","S"
"X.1236","E","K","E","T","D","Q","K","R","N","T","S"
"X.1237","E","K","E","T","D","Q","R","R","S","N","N"
"X.1238","E","K","E","A","D","Q","K","T","N","T","S"
"X.1239","E","K","E","T","D","Q","R","R","S","N","K"
"X.1240","D","K","E","T","D","Q","R","R","N","T","S"
"X.1241","E","K","E","A","D","Q","K","T","N","T","S"
"X.1242","E","K","E","T","N","Q","R","R","N","T","S"
"X.1243","E","R","V","A","D","Q","K","R","N","T","S"
"X.1244","E","R","V","A","D","R","K","R","N","T","S"
"X.1245","E","K","V","A","D","Q","K","T","N","T","S"
"X.1246","E","K","E","T","D","Q","K","R","N","T","S"
"X.1247","E","K","E","T","N","Q","K","R","N","T","S"
"X.1248","E","K","V","A","D","Q","K","T","N","T","S"
"X.1249","D","K","E","T","D","Q","R","R","N","T","S"
"X.1250","E","R","V","A","D","Q","K","R","N","T","S"
"X.1251","E","K","E","T","D","Q","K","R","N","T","S"
"X.1252","E","R","V","A","D","Q","K","T","N","T","S"
"X.1253","E","K","E","T","D","Q","K","T","N","T","S"
"X.1254","E","K","A","T","D","Q","K","R","N","T","S"
"X.1255","E","K","E","T","D","Q","R","R","N","T","S"
"X.1256","E","R","E","T","D","Q","R","R","S","N","N"
"X.1257","E","R","V","A","D","Q","K","T","N","T","S"
"X.1258","E","K","E","T","D","Q","K","T","N","T","S"
"X.1259","E","K","E","T","D","P","K","R","D","T","S"
"X.1260","E","K","E","T","N","Q","R","R","S","N","D"
"X.1261","E","K","E","T","D","Q","R","R","N","T","S"
"X.1262","D","K","E","T","D","Q","R","R","N","T","S"
"X.1263","E","K","E","T","D","Q","R","R","S","N","N"
"X.1264","E","R","X","T","D","Q","K","T","N","T","S"
"X.1265","E","K","E","T","D","Q","K","R","N","T","S"
"X.1266","E","K","A","T","D","Q","K","R","N","T","S"
"X.1267","E","R","V","A","D","Q","K","T","N","T","S"
"X.1268","E","R","V","A","D","Q","K","T","N","T","D"
"X.1269","E","K","E","T","D","P","K","R","N","T","S"
"X.1270","E","K","E","T","D","P","K","R","N","T","S"
"X.1271","E","K","V","A","D","Q","K","T","N","T","S"
"X.1272","E","K","E","T","D","Q","R","R","S","N","N"
"X.1273","E","K","E","T","D","Q","R","R","N","T","S"
"X.1274","E","R","V","A","D","Q","K","R","N","T","S"
"X.1275","E","K","E","T","N","Q","R","R","S","N","N"
"X.1276","E","K","E","T","D","P","K","R","N","T","S"
"X.1277","E","K","E","T","D","P","K","R","N","T","S"
"X.1278","E","K","E","T","D","Q","K","T","N","T","S"
"X.1279","E","R","V","A","D","Q","K","R","N","T","S"
"X.1280","E","K","V","T","D","Q","K","R","N","T","S"
"X.1281","E","R","V","A","N","P","K","R","N","T","S"
"X.1282","E","K","E","A","N","Q","R","R","N","T","S"
"X.1283","E","K","A","A","D","Q","K","R","N","T","S"
"X.1284","E","K","E","T","D","Q","K","T","N","T","S"
"X.1285","E","K","E","T","D","Q","K","R","N","T","S"
"X.1286","E","K","E","T","D","Q","R","R","S","N","S"
"X.1287","E","R","V","A","D","Q","K","T","N","T","S"
"X.1288","E","R","A","T","D","Q","K","R","N","T","S"
"X.1289","E","K","E","T","D","Q","R","R","N","T","S"
"X.1290","E","K","E","T","D","Q","K","T","N","T","S"
"X.1291","E","K","E","A","D","Q","K","R","N","T","S"
"X.1292","E","R","V","A","D","Q","K","T","N","T","S"
"X.1293","E","K","E","T","D","Q","R","R","N","T","S"
"X.1294","E","R","V","A","D","Q","K","T","N","T","S"
"X.1295","E","K","V","A","D","Q","K","R","N","T","S"
"X.1296","E","K","V","T","D","P","K","R","N","T","S"
"X.1297","E","K","V","A","D","Q","K","T","N","T","S"
"X.1298","E","K","E","T","D","P","K","R","N","T","S"
"X.1299","D","R","V","A","N","Q","R","R","S","N","N"
"X.1300","E","K","E","T","D","P","K","R","N","T","S"
"X.1301","E","K","E","T","N","Q","R","R","S","N","D"
"X.1302","E","K","E","T","D","Q","K","T","N","T","N"
"X.1303","E","R","V","A","D","P","K","R","N","T","S"
"X.1304","E","K","E","T","D","Q","R","R","N","S","S"
"X.1305","E","K","E","T","D","Q","R","R","S","N","N"
"X.1306","E","K","E","T","D","Q","R","R","S","N","N"
"X.1307","E","R","V","A","D","Q","K","T","N","T","S"
"X.1308","E","K","E","T","D","Q","R","R","S","N","N"
"X.1309","D","K","E","T","D","Q","R","R","N","T","S"
"X.1310","E","K","E","T","D","Q","R","R","N","T","S"
"X.1311","E","R","V","A","D","Q","K","T","N","T","S"
"X.1312","E","R","V","A","D","Q","K","T","N","T","S"
"X.1313","D","R","V","A","D","Q","K","T","N","T","S"
"X.1314","E","K","E","T","D","Q","K","T","N","T","S"
"X.1315","E","K","E","T","N","P","K","R","N","T","S"
"X.1316","E","K","V","T","D","P","K","R","N","T","S"
"X.1317","E","K","A","T","D","Q","K","R","N","T","S"
"X.1318","D","R","V","A","N","Q","R","R","S","N","N"
"X.1319","E","K","E","T","D","Q","R","R","S","N","N"
"X.1320","E","K","E","T","D","Q","R","R","N","T","S"
"X.1321","E","K","E","A","N","P","K","R","N","T","S"
"X.1322","E","K","E","A","D","Q","K","T","N","T","S"
"X.1323","E","K","E","T","D","Q","K","R","N","T","S"
"X.1324","E","K","E","A","N","Q","R","R","N","T","S"
"X.1325","E","K","E","T","D","Q","K","T","N","T","S"
"X.1326","E","R","V","T","D","P","K","R","N","T","S"
"X.1327","E","K","V","A","D","Q","K","R","N","T","S"
"X.1328","D","K","E","T","D","Q","R","R","N","T","S"
"X.1329","E","K","E","T","D","Q","K","T","N","T","S"
"X.1330","E","K","E","T","D","Q","R","R","S","N","N"
"X.1331","E","R","E","A","D","Q","R","R","N","T","S"
"X.1332","E","K","E","T","D","Q","R","R","N","T","S"
"X.1333","E","K","V","A","D","Q","K","R","N","T","S"
"X.1334","E","K","V","A","D","Q","K","T","N","T","S"
"X.1335","E","K","E","T","D","Q","R","T","N","N","S"
"X.1336","E","R","V","A","D","Q","K","T","N","T","S"
"X.1337","E","R","V","A","D","Q","R","R","N","T","S"
"X.1338","D","R","V","A","N","P","K","R","N","T","S"
"X.1339","E","R","V","A","D","Q","K","T","N","T","S"
"X.1340","E","K","V","A","D","Q","K","T","N","T","S"
"X.1341","E","K","E","T","D","Q","K","T","N","T","S"
"X.1342","E","K","V","T","D","P","K","R","N","T","S"
"X.1343","E","K","V","A","D","Q","K","R","N","T","S"
"X.1344","E","K","E","T","N","Q","R","R","N","T","S"
"X.1345","E","K","E","T","D","Q","R","R","N","T","S"
"X.1346","E","K","A","T","D","Q","K","R","N","T","S"
"X.1347","E","R","V","A","D","Q","R","R","N","T","S"
"X.1348","E","K","E","T","D","Q","R","R","N","T","S"
"X.1349","E","K","E","T","N","Q","K","T","N","T","S"
"X.1350","E","K","V","T","D","P","K","R","N","T","S"
"X.1351","E","K","E","T","D","Q","R","R","N","T","S"
"X.1352","E","K","E","T","D","Q","R","R","S","N","K"
"X.1353","E","R","V","A","D","Q","K","T","N","T","D"
"X.1354","E","K","V","T","D","P","K","R","N","T","S"
"X.1355","E","K","E","T","D","Q","R","R","N","T","S"
"X.1356","E","R","V","A","D","Q","K","T","N","T","S"
"X.1357","E","K","E","T","D","Q","R","R","S","N","N"
"X.1358","D","R","V","A","D","Q","R","R","N","T","S"
"X.1359","E","R","V","A","D","Q","K","T","N","T","S"
"X.1360","E","K","E","T","D","Q","R","R","N","T","S"
"X.1361","E","K","E","T","D","Q","R","R","S","N","N"
"X.1362","E","K","V","T","D","Q","K","R","N","T","S"
"X.1363","E","R","V","T","D","Q","K","T","N","T","S"
"X.1364","E","K","E","A","N","Q","R","R","N","T","S"
"X.1365","E","K","E","T","D","Q","K","R","N","T","S"
"X.1366","E","K","E","T","D","Q","R","R","N","T","S"
"X.1367","E","K","E","T","D","Q","R","R","S","N","K"
"X.1368","E","K","E","T","D","Q","K","T","N","T","S"
"X.1369","E","K","E","T","D","Q","R","R","S","N","N"
"X.1370","D","R","V","A","N","Q","R","R","S","N","N"
"X.1371","E","R","V","A","D","Q","K","T","N","T","S"
"X.1372","E","K","E","A","N","Q","R","R","N","T","S"
"X.1373","E","R","V","A","D","Q","R","R","N","T","S"
"X.1374","E","K","E","T","D","R","K","R","N","T","S"
"X.1375","E","K","V","A","D","Q","K","T","N","T","S"
"X.1376","E","K","V","T","D","Q","K","R","N","T","S"
"X.1377","D","R","V","A","D","Q","R","R","N","T","S"
"X.1378","E","K","E","T","D","P","K","R","N","T","S"
"X.1379","E","K","E","T","N","Q","R","R","N","T","S"
"X.1380","D","R","V","A","N","L","K","R","N","T","S"
"X.1381","E","K","E","T","D","Q","R","R","S","N","N"
"X.1382","E","R","V","A","D","Q","K","T","N","T","S"
"X.1383","E","K","E","T","D","Q","R","R","S","N","N"
"X.1384","E","K","V","T","D","P","K","R","N","T","S"
"X.1385","E","R","V","X","D","Q","K","R","N","T","S"
"X.1386","E","R","V","A","D","Q","K","T","N","T","S"
"X.1387","E","K","E","T","D","Q","K","T","N","T","S"
"X.1388","E","K","E","T","D","P","K","R","N","T","S"
"X.1389","D","R","V","A","D","P","K","R","N","T","S"
"X.1390","E","K","E","T","D","Q","R","R","N","T","S"
"X.1391","E","R","V","A","D","Q","K","R","N","T","S"
"X.1392","E","R","V","T","D","P","K","R","N","T","S"
"X.1393","E","K","V","T","D","Q","K","T","N","T","S"
"X.1394","D","R","V","A","N","R","K","R","N","T","S"
"X.1395","E","K","E","T","D","Q","K","T","N","T","S"
"X.1396","E","K","A","T","D","Q","K","R","N","T","S"
"X.1397","E","K","E","T","D","Q","R","R","S","N","K"
"X.1398","E","K","E","T","N","Q","R","R","S","N","D"
"X.1399","E","K","E","A","D","P","K","R","N","A","S"
"X.1400","E","K","E","T","D","P","K","R","N","T","S"
"X.1401","E","K","E","T","D","Q","R","R","S","N","N"
"X.1402","D","R","V","A","N","Q","R","R","S","N","N"
"X.1403","E","K","E","T","N","Q","R","R","S","N","D"
"X.1404","E","K","E","T","D","Q","R","R","N","T","S"
"X.1405","E","K","E","T","D","Q","R","R","S","N","N"
"X.1406","E","K","E","T","D","Q","K","R","N","T","S"
"X.1407","E","R","V","A","D","Q","K","T","N","T","S"
"X.1408","E","K","E","T","N","Q","R","R","N","T","S"
"X.1409","E","K","V","A","D","P","K","R","N","T","S"
"X.1410","E","R","V","A","D","Q","K","T","N","T","S"
"X.1411","E","K","V","T","D","Q","K","T","N","T","S"
"X.1412","E","K","E","T","D","Q","R","R","N","T","S"
"X.1413","E","K","V","A","D","Q","K","T","N","T","S"
"X.1414","E","K","E","T","D","Q","K","T","N","T","N"
"X.1415","D","R","V","A","N","P","K","R","N","T","S"
"X.1416","E","K","V","T","D","Q","K","R","N","T","S"
"X.1417","D","R","V","A","D","Q","R","R","N","T","S"
"X.1418","E","K","E","T","D","Q","K","T","N","T","S"
"X.1419","D","R","V","A","D","Q","R","R","N","T","S"
"X.1420","E","K","A","T","D","Q","K","R","N","T","S"
"X.1421","D","R","V","A","D","Q","R","R","N","T","S"
"X.1422","E","K","E","T","D","Q","R","R","N","T","S"
"X.1423","E","R","V","A","D","Q","K","T","N","T","S"
"X.1424","E","K","V","A","D","Q","K","T","N","T","S"
"X.1425","E","K","A","T","D","Q","K","R","N","T","S"
"X.1426","E","K","E","T","D","Q","K","T","N","T","S"
"X.1427","E","K","E","T","D","Q","R","R","S","N","K"
"X.1428","E","R","V","A","D","Q","K","T","N","T","S"
"X.1429","E","K","E","A","N","Q","R","R","N","T","S"
"X.1430","E","K","E","T","D","Q","R","R","N","T","S"
"X.1431","E","K","E","A","N","Q","R","R","N","T","S"
"X.1432","E","K","E","T","D","Q","K","R","N","T","S"
"X.1433","D","R","V","A","N","Q","K","R","S","N","N"
"X.1434","E","K","V","A","D","Q","K","R","N","T","S"
"X.1435","D","R","V","A","N","Q","R","R","S","N","N"
"X.1436","E","K","E","T","N","Q","R","R","S","N","D"
"X.1437","E","K","E","T","D","Q","R","R","N","T","S"
"X.1438","E","K","E","T","D","Q","R","R","N","T","S"
"X.1439","D","R","V","A","D","Q","K","R","N","T","S"
"X.1440","E","K","A","A","D","Q","K","R","N","T","S"
"X.1441","E","K","E","T","D","Q","R","R","N","T","S"
"X.1442","E","K","E","T","D","P","K","R","N","T","S"
"X.1443","E","K","E","T","D","Q","K","R","N","T","S"
"X.1444","D","R","V","T","D","P","K","R","N","T","S"
"X.1445","E","K","E","T","D","Q","R","R","N","T","S"
"X.1446","E","K","E","T","D","Q","R","R","N","T","S"
"X.1447","E","K","E","T","D","Q","K","T","N","T","S"
"X.1448","D","R","V","A","D","Q","R","R","N","T","S"
"X.1449","E","K","E","T","D","Q","R","R","N","T","S"
"X.1450","E","K","E","T","D","Q","R","R","N","T","S"
"X.1451","D","R","V","A","D","Q","R","R","N","T","S"
"X.1452","E","K","E","T","D","Q","K","T","N","T","S"
"X.1453","E","K","E","T","D","Q","K","T","N","T","S"
"X.1454","E","K","E","T","N","Q","R","R","N","T","S"
"X.1455","E","K","E","T","D","Q","K","R","N","T","S"
"X.1456","E","K","E","T","D","Q","R","R","N","T","S"
"X.1457","E","K","E","T","D","Q","R","R","S","N","N"
"X.1458","D","R","V","A","N","L","K","R","N","T","S"
"X.1459","D","K","A","T","D","Q","R","R","N","T","S"
"X.1460","E","K","E","T","D","Q","R","R","N","T","S"
"X.1461","E","R","V","A","D","Q","K","T","N","T","S"
"X.1462","E","K","V","A","D","Q","K","T","N","T","S"
"X.1463","E","K","E","T","D","Q","K","R","N","T","S"
"X.1464","E","K","E","T","D","Q","R","R","N","T","S"
"X.1465","E","K","E","T","D","P","K","R","N","T","S"
"X.1466","E","K","E","T","D","Q","R","R","N","T","S"
"X.1467","E","R","V","A","D","Q","K","R","N","T","S"
"X.1468","E","K","A","T","D","Q","K","T","N","T","S"
"X.1469","E","R","V","A","D","Q","K","T","N","T","S"
"X.1470","E","K","E","T","D","Q","R","R","S","N","N"
"X.1471","E","K","V","T","D","P","K","R","N","T","S"
"X.1472","E","K","E","T","D","Q","R","R","S","N","N"
"X.1473","E","K","V","T","D","Q","K","R","N","T","S"
"X.1474","E","K","E","T","D","Q","R","R","N","T","S"
"X.1475","E","K","E","A","D","Q","K","R","N","T","S"
"X.1476","E","K","A","T","D","Q","K","R","N","T","S"
"X.1477","E","K","E","T","D","Q","K","R","N","T","S"
"X.1478","E","K","V","A","D","Q","K","T","N","T","S"
"X.1479","E","K","E","A","D","Q","K","T","N","A","S"
"X.1480","E","K","E","T","D","P","K","R","N","T","S"
"X.1481","E","R","V","A","D","Q","K","T","N","T","S"
"X.1482","E","K","E","T","D","Q","K","T","N","T","N"
"X.1483","E","R","V","A","D","Q","K","T","N","T","S"
"X.1484","D","R","V","A","D","Q","R","R","N","T","S"
"X.1485","E","K","E","T","D","Q","R","R","N","T","S"
"X.1486","E","R","V","A","D","Q","R","R","S","N","K"
"X.1487","E","K","V","T","D","Q","K","R","N","T","S"
"X.1488","E","K","E","T","D","P","K","R","S","N","S"
"X.1489","E","K","E","T","D","Q","R","R","S","N","N"
"X.1490","E","K","E","T","D","Q","R","R","S","N","N"
"X.1491","E","K","E","T","D","Q","R","R","N","T","S"
"X.1492","D","R","V","A","D","Q","R","R","N","T","S"
"X.1493","E","K","V","T","D","P","K","R","N","T","S"
"X.1494","E","K","V","T","D","Q","K","R","N","T","S"
"X.1495","E","K","E","T","D","P","K","R","N","T","S"
"X.1496","E","K","E","T","D","P","K","R","N","T","S"
"X.1497","E","K","A","T","D","Q","K","R","N","T","S"
"X.1498","E","K","E","T","D","Q","R","R","N","T","S"
"X.1499","E","R","V","A","D","Q","K","R","S","T","S"
"X.1500","E","K","A","T","D","Q","K","T","N","T","N"
"X.1501","E","K","E","T","N","Q","R","R","S","N","D"
"X.1502","E","K","A","T","D","Q","K","T","N","T","S"
"X.1503","E","K","E","T","N","Q","R","R","S","N","D"
"X.1504","E","K","E","T","D","Q","K","T","N","T","S"
"X.1505","E","K","E","T","D","Q","R","R","N","T","S"
"X.1506","D","R","V","A","D","Q","R","R","N","T","S"
"X.1507","E","R","V","T","D","Q","K","R","N","T","S"
"X.1508","E","K","E","A","N","R","K","R","N","T","S"
"X.1509","E","K","E","T","D","Q","K","T","N","T","S"
"X.1510","E","R","V","A","D","Q","K","T","N","T","S"
"X.1511","E","K","E","T","D","P","K","R","N","T","S"
"X.1512","E","K","E","T","D","P","K","R","N","T","S"
"X.1513","E","K","E","T","D","Q","R","R","N","T","S"
"X.1514","E","K","E","T","D","P","K","R","N","T","S"
"X.1515","E","K","E","T","D","Q","R","R","S","N","N"
"X.1516","E","R","V","A","D","Q","K","T","N","T","S"
"X.1517","E","K","E","T","N","Q","R","R","N","T","S"
"X.1518","E","K","V","A","D","Q","K","T","N","T","S"
"X.1519","E","K","E","T","D","Q","K","R","N","T","S"
"X.1520","E","K","E","T","D","P","K","R","N","T","S"
"X.1521","D","K","E","T","D","Q","R","R","N","T","S"
"X.1522","E","K","E","T","D","Q","R","R","S","N","K"
"X.1523","E","K","V","A","D","Q","K","T","N","T","S"
"X.1524","E","K","V","A","D","Q","K","T","N","T","S"
