"","pos","TotalReads","MajNt","ref","transition.maj","transition.ref","freq.Ts","freq.Ts.ref","freq.transv","freq.transv.ref","freq.transv1","freq.transv2","freq.transv1.ref","freq.transv2.ref","freq.mutations.ref","freq.mutations","Type","Type.tv1","Type.tv2","Type.r","Type.tv1.r","Type.tv2.r","WTAA","MUTAA","TVS1_AA","TVS2_AA","bigAAChange","bigAAChange.tv1","bigAAChange.tv2","makesCpG","makesCpG.tvs","makesCpG.tv1","makesCpG.tv2"
"1",190,NA,NA,"g",NA,"a",NA,NA,NA,NA,NA,NA,NA,NA,NA,NA,"NA","NA","NA","nonsyn","nonsyn","nonsyn","NA","NA","NA","NA",0,0,0,0,0,0,0
"2",191,NA,NA,"t",NA,"c",NA,NA,NA,NA,NA,NA,NA,NA,NA,NA,"NA","NA","NA","nonsyn","nonsyn","nonsyn","NA","NA","NA","NA",0,0,0,0,0,0,0
"3",192,NA,NA,"c",NA,"t",NA,NA,NA,NA,NA,NA,NA,NA,NA,NA,"NA","NA","NA","syn","syn","syn","NA","NA","NA","NA",0,0,0,0,0,0,0
"4",193,NA,NA,"a",NA,"g",NA,NA,NA,NA,NA,NA,NA,NA,NA,NA,"NA","NA","NA","nonsyn","nonsyn","nonsyn","NA","NA","NA","NA",0,0,0,0,0,0,0
"5",194,NA,NA,"c",NA,"t",NA,NA,NA,NA,NA,NA,NA,NA,NA,NA,"NA","NA","NA","nonsyn","nonsyn","nonsyn","NA","NA","NA","NA",0,0,0,0,0,0,0
"6",195,NA,NA,"a",NA,"g",NA,NA,NA,NA,NA,NA,NA,NA,NA,NA,"NA","NA","NA","syn","syn","syn","NA","NA","NA","NA",0,0,0,0,0,0,0
"7",196,NA,NA,"g",NA,"a",NA,NA,NA,NA,NA,NA,NA,NA,NA,NA,"NA","NA","NA","nonsyn","nonsyn","stop","NA","NA","NA","NA",0,0,0,0,0,0,0
"8",197,100,"a","a","g","g",0,0,0,0,0,0,0,0,0,0,"NA","NA","NA","nonsyn","nonsyn","nonsyn","NA","NA","NA","NA",0,0,0,0,0,0,0
"9",198,100,"a","a","g","g",0,0,0,0,0,0,0,0,0,0,"NA","NA","NA","syn","nonsyn","nonsyn","NA","NA","NA","NA",0,0,0,0,0,0,0
"10",199,100,"c","c","t","t",0,0,0,0,0,0,0,0,0,0,"stop","nonsyn","nonsyn","stop","nonsyn","nonsyn","Q","*","K","E",1,1,1,1,1,1,0
"11",200,100,"a","a","g","g",0,0,0,0,0,0,0,0,0,0,"nonsyn","nonsyn","nonsyn","nonsyn","nonsyn","nonsyn","Q","R","P","L",1,1,1,0,1,1,0
"12",201,100,"g","g","a","a",0,0,0,0,0,0,0,0,0,0,"syn","nonsyn","nonsyn","syn","nonsyn","nonsyn","Q","Q","H","H",0,1,1,0,0,0,0
"13",202,100,"g","g","a","a",0,0,0,0,0,0,0,0,0,0,"nonsyn","nonsyn","nonsyn","nonsyn","nonsyn","nonsyn","A","T","P","S",1,1,1,0,0,0,0
"14",203,100,"c","c","t","t",0,0,0,0,0,0,0,0,0,0,"nonsyn","nonsyn","nonsyn","nonsyn","nonsyn","nonsyn","A","V","E","G",0,1,1,1,0,0,0
"15",204,100,"a","a","g","g",0,0,0,0,0,0,0,0,0,0,"syn","syn","syn","syn","syn","syn","A","A","A","A",0,0,0,0,0,0,0
"16",205,100,"a","a","g","g",0.01,0.01,0,0,0,0,0,0,0.01,0.01,"nonsyn","nonsyn","nonsyn","nonsyn","nonsyn","nonsyn","I","V","L","L",0,0,0,0,0,0,0
"17",206,100,"t","t","c","c",0,0,0,0,0,0,0,0,0,0,"nonsyn","nonsyn","nonsyn","nonsyn","nonsyn","nonsyn","I","T","K","R",1,1,1,0,1,1,0
"18",207,100,"a","a","g","g",0,0,0,0,0,0,0,0,0,0,"nonsyn","syn","syn","nonsyn","syn","syn","I","M","I","I",0,0,0,0,0,0,0
"19",208,100,"g","g","a","a",0,0,0,0,0,0,0,0,0,0,"nonsyn","nonsyn","stop","nonsyn","nonsyn","stop","E","K","Q","*",1,1,1,0,1,1,0
"20",209,100,"a","a","g","g",0,0,0,0,0,0,0,0,0,0,"nonsyn","nonsyn","nonsyn","nonsyn","nonsyn","nonsyn","E","G","A","V",1,1,1,0,1,1,0
"21",210,100,"g","g","a","a",0,0,0,0,0,0,0,0,0,0,"syn","nonsyn","nonsyn","syn","nonsyn","nonsyn","E","E","D","D",0,0,0,0,0,0,0
"22",211,100,"g","g","a","a",0,0,0,0,0,0,0,0,0,0,"nonsyn","nonsyn","nonsyn","nonsyn","nonsyn","nonsyn","D","N","H","Y",1,1,1,0,0,0,0
"23",212,100,"a","a","g","g",0,0,0,0,0,0,0,0,0,0,"nonsyn","nonsyn","nonsyn","nonsyn","nonsyn","nonsyn","D","G","A","V",1,1,1,1,0,0,0
"24",213,100,"t","t","c","c",0.01,0.01,0,0,0,0,0,0,0.01,0.01,"syn","nonsyn","nonsyn","syn","nonsyn","nonsyn","D","D","E","E",0,0,0,0,0,0,0
"25",214,100,"g","g","a","a",0,0,0,0,0,0,0,0,0,0,"nonsyn","nonsyn","nonsyn","nonsyn","nonsyn","nonsyn","V","I","L","L",0,0,0,0,0,0,0
"26",215,100,"t","t","c","c",0,0,0,0,0,0,0,0,0,0,"nonsyn","nonsyn","nonsyn","nonsyn","nonsyn","nonsyn","V","A","E","G",0,1,1,0,0,0,0
"27",216,100,"a","a","g","g",0,0,0,0,0,0,0,0,0,0,"syn","syn","syn","syn","syn","syn","V","V","V","V",0,0,0,1,0,0,0
"28",217,100,"t","t","c","c",0,0,0,0,0,0,0,0,0,0,"nonsyn","nonsyn","nonsyn","nonsyn","nonsyn","nonsyn","W","R","R","G",1,1,1,0,1,1,0
"29",218,100,"g","g","a","a",0,0,0,0,0,0,0,0,0,0,"stop","nonsyn","nonsyn","stop","nonsyn","nonsyn","W","*","S","L",1,1,0,0,0,0,0
"30",219,100,"g","g","a","a",0,0,0,0,0,0,0,0,0,0,"stop","nonsyn","nonsyn","stop","nonsyn","nonsyn","W","*","C","C",1,1,1,0,0,0,0
"31",220,100,"a","a","g","g",0,0,0,0,0,0,0,0,0,0,"nonsyn","nonsyn","nonsyn","nonsyn","nonsyn","nonsyn","N","D","H","Y",1,1,1,0,0,0,0
"32",221,100,"a","a","g","g",0,0,0,0,0,0,0,0,0,0,"nonsyn","nonsyn","nonsyn","nonsyn","nonsyn","nonsyn","N","S","T","I",0,0,1,0,0,0,0
"33",222,100,"t","t","c","c",0.01,0.01,0,0,0,0,0,0,0.01,0.01,"syn","nonsyn","nonsyn","syn","nonsyn","nonsyn","N","N","K","K",0,1,1,0,0,0,0
"34",223,100,"c","c","t","t",0,0,0,0,0,0,0,0,0,0,"nonsyn","nonsyn","nonsyn","nonsyn","nonsyn","nonsyn","L","F","I","V",0,0,0,0,1,0,1
"35",224,100,"t","t","c","c",0,0,0,0,0,0,0,0,0,0,"nonsyn","nonsyn","nonsyn","nonsyn","nonsyn","nonsyn","L","P","H","R",1,1,1,0,0,0,0
"36",225,100,"c","c","t","t",0,0,0,0,0,0,0,0,0,0,"syn","syn","syn","syn","syn","syn","L","L","L","L",0,0,0,0,1,0,1
"37",226,100,"t","t","c","c",0,0,0.01,0.01,0.01,0,0.01,0,0.01,0.01,"nonsyn","nonsyn","nonsyn","nonsyn","nonsyn","nonsyn","F","L","I","V",0,0,0,0,0,0,0
"38",227,100,"t","t","c","c",0,0,0,0,0,0,0,0,0,0,"nonsyn","nonsyn","nonsyn","nonsyn","nonsyn","nonsyn","F","S","Y","C",1,0,1,1,0,0,0
"39",228,100,"t","t","c","c",0,0,0,0,0,0,0,0,0,0,"syn","nonsyn","nonsyn","syn","nonsyn","nonsyn","F","F","L","L",0,0,0,0,0,0,0
"40",229,100,"g","g","a","a",0,0,0,0,0,0,0,0,0,0,"nonsyn","nonsyn","stop","nonsyn","nonsyn","stop","E","K","Q","*",1,1,1,0,1,1,0
"41",230,100,"a","a","g","g",0,0,0,0,0,0,0,0,0,0,"nonsyn","nonsyn","nonsyn","nonsyn","nonsyn","nonsyn","E","G","A","V",1,1,1,0,0,0,0
"42",231,100,"g","g","a","a",0,0,0,0,0,0,0,0,0,0,"syn","nonsyn","nonsyn","syn","nonsyn","nonsyn","E","E","D","D",0,0,0,0,0,0,0
"43",232,100,"a","a","g","g",0,0,0,0,0,0,0,0,0,0,"nonsyn","nonsyn","nonsyn","nonsyn","nonsyn","nonsyn","T","A","P","S",1,1,0,0,0,0,0
"44",233,100,"c","c","t","t",0,0,0,0,0,0,0,0,0,0,"nonsyn","nonsyn","nonsyn","nonsyn","nonsyn","nonsyn","T","I","N","S",1,0,0,0,1,0,1
"45",234,100,"c","c","t","t",0,0,0,0,0,0,0,0,0,0,"syn","syn","syn","syn","syn","syn","T","T","T","T",0,0,0,0,1,0,1
"46",235,100,"t","t","c","c",0,0,0,0,0,0,0,0,0,0,"nonsyn","nonsyn","nonsyn","nonsyn","nonsyn","nonsyn","S","P","T","A",1,0,1,0,0,0,0
"47",236,100,"c","c","t","t",0,0,0,0,0,0,0,0,0,0,"nonsyn","nonsyn","nonsyn","nonsyn","nonsyn","nonsyn","S","F","Y","C",1,1,1,0,1,0,1
"48",237,100,"t","t","c","c",0,0,0,0,0,0,0,0,0,0,"syn","syn","syn","syn","syn","syn","S","S","S","S",0,0,0,0,0,0,0
"49",238,100,"a","a","g","g",0,0,0,0,0,0,0,0,0,0,"nonsyn","nonsyn","nonsyn","nonsyn","nonsyn","nonsyn","I","V","L","L",0,0,0,0,0,0,0
"50",239,100,"t","t","c","c",0,0,0,0,0,0,0,0,0,0,"nonsyn","nonsyn","nonsyn","nonsyn","nonsyn","nonsyn","I","T","K","R",1,1,1,0,0,0,0
"51",240,100,"a","a","g","g",0,0,0,0,0,0,0,0,0,0,"nonsyn","syn","syn","nonsyn","syn","syn","I","M","I","I",0,0,0,0,0,0,0
"52",241,100,"a","a","g","g",0,0,0,0,0,0,0,0,0,0,"nonsyn","nonsyn","stop","nonsyn","nonsyn","stop","K","E","Q","*",1,1,1,0,0,0,0
"53",242,100,"a","a","g","g",0,0,0,0,0,0,0,0,0,0,"nonsyn","nonsyn","nonsyn","nonsyn","nonsyn","nonsyn","K","R","T","I",0,1,1,0,0,0,0
"54",243,100,"a","a","g","g",0,0,0,0,0,0,0,0,0,0,"syn","nonsyn","nonsyn","syn","nonsyn","nonsyn","K","K","N","N",0,1,1,0,0,0,0
"55",244,100,"c","c","t","t",0,0,0,0,0,0,0,0,0,0,"nonsyn","nonsyn","nonsyn","nonsyn","nonsyn","nonsyn","P","S","T","A",1,1,1,0,1,0,1
"56",245,100,"c","c","t","t",0,0,0,0,0,0,0,0,0,0,"nonsyn","nonsyn","nonsyn","nonsyn","nonsyn","nonsyn","P","L","H","R",1,1,1,0,1,0,1
"57",246,100,"c","c","t","t",0,0,0,0,0,0,0,0,0,0,"syn","syn","syn","syn","syn","syn","P","P","P","P",0,0,0,1,1,0,1
"58",247,100,"t","t","c","c",0,0,0,0,0,0,0,0,0,0,"nonsyn","nonsyn","nonsyn","nonsyn","nonsyn","nonsyn","C","R","S","G",1,1,0,0,0,0,0
"59",248,100,"g","g","a","a",0,0,0,0,0,0,0,0,0,0,"nonsyn","nonsyn","nonsyn","nonsyn","nonsyn","nonsyn","C","Y","S","F",1,1,1,1,0,0,0
"60",249,100,"t","t","c","c",0,0,0,0,0,0,0,0,0,0,"syn","stop","nonsyn","syn","stop","nonsyn","C","C","*","W",0,1,1,0,0,0,0
"61",250,100,"g","g","a","a",0,0,0,0,0,0,0,0,0,0,"nonsyn","nonsyn","nonsyn","nonsyn","nonsyn","nonsyn","V","I","L","L",0,0,0,0,0,0,0
"62",251,100,"t","t","c","c",0,0,0,0,0,0,0,0,0,0,"nonsyn","nonsyn","nonsyn","nonsyn","nonsyn","nonsyn","V","A","E","G",0,1,1,0,0,0,0
"63",252,100,"a","a","g","g",0,0,0,0,0,0,0,0,0,0,"syn","syn","syn","syn","syn","syn","V","V","V","V",0,0,0,0,0,0,0
"64",253,100,"a","a","g","g",0,0,0,0,0,0,0,0,0,0,"nonsyn","nonsyn","stop","nonsyn","nonsyn","stop","K","E","Q","*",1,1,1,0,0,0,0
"65",254,100,"a","a","g","g",0,0,0,0,0,0,0,0,0,0,"nonsyn","nonsyn","nonsyn","nonsyn","nonsyn","nonsyn","K","R","T","I",0,1,1,0,0,0,0
"66",255,100,"a","a","g","g",0.01,0.01,0,0,0,0,0,0,0.01,0.01,"syn","nonsyn","nonsyn","syn","nonsyn","nonsyn","K","K","N","N",0,1,1,0,0,0,0
"67",256,100,"t","t","c","c",0,0,0,0,0,0,0,0,0,0,"syn","nonsyn","nonsyn","syn","nonsyn","nonsyn","L","L","M","V",0,0,0,1,0,0,0
"68",257,100,"t","t","c","c",0,0,0,0,0,0,0,0,0,0,"nonsyn","stop","nonsyn","nonsyn","stop","nonsyn","L","S","*","W",1,1,0,0,0,0,0
"69",258,100,"g","g","a","a",0.01,0.01,0,0,0,0,0,0,0.01,0.01,"syn","nonsyn","nonsyn","syn","nonsyn","nonsyn","L","L","F","F",0,0,0,0,0,0,0
"70",259,100,"a","a","g","g",0,0,0,0,0,0,0,0,0,0,"nonsyn","nonsyn","nonsyn","nonsyn","nonsyn","nonsyn","T","A","P","S",1,1,0,0,0,0,0
"71",260,100,"c","c","t","t",0,0,0,0,0,0,0,0,0,0,"nonsyn","nonsyn","nonsyn","nonsyn","nonsyn","nonsyn","T","I","N","S",1,0,0,0,1,0,1
"72",261,100,"c","c","t","t",0.02,0.02,0,0,0,0,0,0,0.02,0.02,"syn","syn","syn","syn","syn","syn","T","T","T","T",0,0,0,0,1,0,1
"73",262,100,"c","c","t","t",0,0,0,0,0,0,0,0,0,0,"nonsyn","nonsyn","nonsyn","nonsyn","nonsyn","nonsyn","P","S","T","A",1,1,1,0,1,0,1
"74",263,100,"c","c","t","t",0,0,0,0,0,0,0,0,0,0,"nonsyn","nonsyn","nonsyn","nonsyn","nonsyn","nonsyn","P","L","H","R",1,1,1,0,1,0,1
"75",264,100,"c","c","t","t",0,0,0,0,0,0,0,0,0,0,"syn","syn","syn","syn","syn","syn","P","P","P","P",0,0,0,0,1,0,1
"76",265,100,"t","t","c","c",0,0,0,0,0,0,0,0,0,0,"syn","nonsyn","nonsyn","syn","nonsyn","nonsyn","L","L","I","V",0,0,0,0,0,0,0
"77",266,100,"t","t","c","c",0,0,0,0,0,0,0,0,0,0,"nonsyn","stop","stop","nonsyn","stop","stop","L","S","*","*",1,1,1,0,0,0,0
"78",267,100,"a","a","g","g",0,0,0,0,0,0,0,0,0,0,"syn","nonsyn","nonsyn","syn","nonsyn","nonsyn","L","L","F","F",0,0,0,1,0,0,0
"79",268,100,"t","t","c","c",0,0,0,0,0,0,0,0,0,0,"nonsyn","nonsyn","nonsyn","nonsyn","nonsyn","nonsyn","C","R","S","G",1,1,0,0,0,0,0
"80",269,100,"g","g","a","a",0,0,0,0,0,0,0,0,0,0,"nonsyn","nonsyn","nonsyn","nonsyn","nonsyn","nonsyn","C","Y","S","F",1,1,1,0,0,0,0
"81",270,100,"c","c","t","t",0.02,0.02,0,0,0,0,0,0,0.02,0.02,"syn","stop","nonsyn","syn","stop","nonsyn","C","C","*","W",0,1,1,1,0,0,0
"82",271,100,"a","a","g","g",0,0,0,0,0,0,0,0,0,0,"nonsyn","nonsyn","nonsyn","nonsyn","nonsyn","nonsyn","I","V","L","F",0,0,0,0,0,0,0
"83",272,100,"t","t","c","c",0,0,0,0,0,0,0,0,0,0,"nonsyn","nonsyn","nonsyn","nonsyn","nonsyn","nonsyn","I","T","N","S",1,1,1,0,0,0,0
"84",273,100,"t","t","c","c",0,0,0,0,0,0,0,0,0,0,"syn","syn","nonsyn","syn","syn","nonsyn","I","I","I","M",0,0,0,0,0,0,0
"85",274,100,"a","a","g","g",0,0,0,0,0,0,0,0,0,0,"nonsyn","nonsyn","nonsyn","nonsyn","nonsyn","nonsyn","T","A","P","S",1,1,0,0,0,0,0
"86",275,100,"c","c","t","t",0,0,0,0,0,0,0,0,0,0,"nonsyn","nonsyn","nonsyn","nonsyn","nonsyn","nonsyn","T","I","N","S",1,0,0,0,1,0,1
"87",276,100,"c","c","t","t",0,0,0,0,0,0,0,0,0,0,"syn","syn","syn","syn","syn","syn","T","T","T","T",0,0,0,1,0,0,0
"88",277,100,"a","a","g","g",0,0,0,0,0,0,0,0,0,0,"nonsyn","nonsyn","nonsyn","nonsyn","nonsyn","nonsyn","M","V","L","L",0,0,0,1,0,0,0
"89",278,100,"t","t","c","c",0,0,0,0,0,0,0,0,0,0,"nonsyn","nonsyn","nonsyn","nonsyn","nonsyn","nonsyn","M","T","K","R",1,1,1,0,0,0,0
"90",279,100,"g","g","a","a",0,0,0,0,0,0,0,0,0,0,"nonsyn","nonsyn","nonsyn","nonsyn","nonsyn","nonsyn","M","I","I","I",0,0,0,0,1,1,0
"91",280,100,"a","a","g","g",0,0,0,0,0,0,0,0,0,0,"nonsyn","syn","stop","nonsyn","syn","stop","R","G","R","*",1,0,1,0,0,0,0
"92",281,100,"g","g","a","a",0,0,0,0,0,0,0,0,0,0,"nonsyn","nonsyn","nonsyn","nonsyn","nonsyn","nonsyn","R","K","T","I",0,1,1,0,0,0,0
"93",282,100,"a","a","g","g",0,0,0,0,0,0,0,0,0,0,"syn","nonsyn","nonsyn","syn","nonsyn","nonsyn","R","R","S","S",0,1,1,1,0,0,0
"94",283,100,"t","t","c","c",0,0,0,0,0,0,0,0,0,0,"nonsyn","nonsyn","nonsyn","nonsyn","nonsyn","nonsyn","C","R","S","G",1,1,0,0,0,0,0
"95",284,100,"g","g","a","a",0,0,0,0,0,0,0,0,0,0,"nonsyn","nonsyn","nonsyn","nonsyn","nonsyn","nonsyn","C","Y","S","F",1,1,1,0,0,0,0
"96",285,100,"c","c","t","t",0.01,0.01,0,0,0,0,0,0,0.01,0.01,"syn","stop","nonsyn","syn","stop","nonsyn","C","C","*","W",0,1,1,1,0,0,0
"97",286,100,"a","a","g","g",0,0,0,0,0,0,0,0,0,0,"nonsyn","nonsyn","nonsyn","nonsyn","nonsyn","nonsyn","N","D","H","Y",1,1,1,0,0,0,0
"98",287,100,"a","a","g","g",0,0,0,0,0,0,0,0,0,0,"nonsyn","nonsyn","nonsyn","nonsyn","nonsyn","nonsyn","N","S","T","I",0,0,1,0,0,0,0
"99",288,100,"t","t","c","c",0,0,0,0,0,0,0,0,0,0,"syn","nonsyn","nonsyn","syn","nonsyn","nonsyn","N","N","K","K",0,1,1,0,0,0,0
"100",289,100,"a","a","g","g",0,0,0,0,0,0,0,0,0,0,"nonsyn","nonsyn","stop","nonsyn","nonsyn","stop","K","E","Q","*",1,1,1,0,1,1,0
"101",290,100,"a","a","g","g",0.03,0.03,0,0,0,0,0,0,0.03,0.03,"nonsyn","nonsyn","nonsyn","nonsyn","nonsyn","nonsyn","K","R","T","M",0,1,1,0,0,0,0
"102",291,100,"g","g","a","a",0,0,0,0,0,0,0,0,0,0,"syn","nonsyn","nonsyn","syn","nonsyn","nonsyn","K","K","N","N",0,1,1,0,0,0,0
"103",292,100,"a","a","g","g",0,0,0,0,0,0,0,0,0,0,"nonsyn","nonsyn","nonsyn","nonsyn","nonsyn","nonsyn","T","A","P","S",1,1,0,0,0,0,0
"104",293,100,"c","c","t","t",0.01,0.01,0,0,0,0,0,0,0.01,0.01,"nonsyn","nonsyn","nonsyn","nonsyn","nonsyn","nonsyn","T","I","K","R",1,1,1,1,1,1,0
"105",294,100,"a","a","g","g",0,0,0,0,0,0,0,0,0,0,"syn","syn","syn","syn","syn","syn","T","T","T","T",0,0,0,0,0,0,0
"106",295,100,"g","g","a","a",0,0,0,0,0,0,0,0,0,0,"nonsyn","nonsyn","stop","nonsyn","nonsyn","nonsyn","E","K","Q","*",1,1,1,0,0,0,0
"107",296,100,"a","a","g","g",0,0,0,0,0,0,0,0,0,0,"nonsyn","nonsyn","nonsyn","nonsyn","nonsyn","nonsyn","E","G","A","V",1,1,1,0,0,0,0
"108",297,100,"a","t","g","c",0,0,0.19,0.81,0,0.19,0.81,0,0.81,0.19,"syn","nonsyn","nonsyn","syn","nonsyn","nonsyn","E","E","D","D",0,0,0,0,0,0,0
"109",298,100,"a","a","g","g",0,0,0,0,0,0,0,0,0,0,"nonsyn","nonsyn","nonsyn","nonsyn","nonsyn","nonsyn","T","A","P","S",1,1,0,0,0,0,0
"110",299,100,"c","c","t","t",0,0,0,0,0,0,0,0,0,0,"nonsyn","nonsyn","nonsyn","nonsyn","nonsyn","nonsyn","T","I","K","R",1,1,1,1,1,1,0
"111",300,100,"a","a","g","g",0,0,0,0,0,0,0,0,0,0,"syn","syn","syn","syn","syn","syn","T","T","T","T",0,0,0,0,0,0,0
"112",301,100,"g","g","a","a",0,0,0,0,0,0,0,0,0,0,"nonsyn","nonsyn","nonsyn","nonsyn","nonsyn","nonsyn","D","N","H","Y",1,1,1,0,0,0,0
"113",302,100,"a","a","g","g",0,0,0,0,0,0,0,0,0,0,"nonsyn","nonsyn","nonsyn","nonsyn","nonsyn","nonsyn","D","G","A","V",1,1,1,0,0,0,0
"114",303,100,"c","t","t","c",0.17,0.83,0,0,0,0,0,0,0.83,0.17,"syn","nonsyn","nonsyn","syn","nonsyn","nonsyn","D","D","E","E",0,0,0,1,0,0,0
"115",304,100,"a","a","g","g",0,0,0,0,0,0,0,0,0,0,"nonsyn","nonsyn","stop","nonsyn","syn","stop","K","E","Q","*",1,1,1,0,0,0,0
"116",305,100,"a","g","g","a",0.23,0.77,0,0,0,0,0,0,0.77,0.23,"nonsyn","nonsyn","nonsyn","nonsyn","nonsyn","nonsyn","K","R","T","I",0,1,1,0,0,0,0
"117",306,100,"a","a","g","g",0,0,0,0,0,0,0,0,0,0,"syn","nonsyn","nonsyn","syn","nonsyn","nonsyn","K","K","N","N",0,1,1,1,0,0,0
"118",307,100,"t","t","c","c",0,0,0,0,0,0,0,0,0,0,"nonsyn","nonsyn","nonsyn","nonsyn","nonsyn","nonsyn","W","R","R","G",1,1,1,0,1,1,0
"119",308,100,"g","g","a","a",0,0,0,0,0,0,0,0,0,0,"stop","nonsyn","nonsyn","stop","nonsyn","nonsyn","W","*","S","L",1,1,0,0,1,1,0
"120",309,100,"g","g","a","a",0,0,0,0,0,0,0,0,0,0,"stop","nonsyn","nonsyn","stop","nonsyn","nonsyn","W","*","C","C",1,1,1,0,1,1,0
"121",310,100,"g","g","a","a",0,0,0,0,0,0,0,0,0,0,"nonsyn","nonsyn","nonsyn","nonsyn","nonsyn","nonsyn","G","R","R","W",1,1,1,0,1,1,0
"122",311,100,"g","g","a","a",0,0,0,0,0,0,0,0,0,0,"nonsyn","nonsyn","nonsyn","nonsyn","nonsyn","nonsyn","G","E","A","V",1,1,1,0,0,0,0
"123",312,100,"g","g","a","a",0,0,0.01,0.01,0,0.01,0,0.01,0.01,0.01,"syn","syn","syn","syn","syn","syn","G","G","G","G",0,0,0,0,0,0,0
"124",313,100,"t","t","c","c",0,0,0,0,0,0,0,0,0,0,"syn","nonsyn","nonsyn","syn","nonsyn","nonsyn","L","L","I","V",0,0,0,0,0,0,0
"125",314,100,"t","t","c","c",0,0,0,0,0,0,0,0,0,0,"nonsyn","stop","stop","nonsyn","stop","stop","L","S","*","*",1,1,1,0,0,0,0
"126",315,100,"a","a","g","g",0,0,0,0,0,0,0,0,0,0,"syn","nonsyn","nonsyn","syn","nonsyn","nonsyn","L","L","F","F",0,0,0,0,0,0,0
"127",316,100,"a","a","g","g",0,0,0,0,0,0,0,0,0,0,"nonsyn","nonsyn","nonsyn","nonsyn","nonsyn","nonsyn","T","A","P","S",1,1,0,0,0,0,0
"128",317,100,"c","c","t","t",0,0,0,0,0,0,0,0,0,0,"nonsyn","nonsyn","nonsyn","nonsyn","nonsyn","nonsyn","T","I","K","R",1,1,1,1,1,1,0
"129",318,100,"a","a","g","g",0,0,0,0,0,0,0,0,0,0,"syn","syn","syn","syn","syn","syn","T","T","T","T",0,0,0,0,1,1,0
"130",319,100,"g","g","a","a",0.17,0.17,0,0,0,0,0,0,0.17,0.17,"nonsyn","nonsyn","nonsyn","nonsyn","nonsyn","nonsyn","G","R","R","W",1,1,1,0,1,1,0
"131",320,100,"g","g","a","a",0,0,0,0,0,0,0,0,0,0,"nonsyn","nonsyn","nonsyn","nonsyn","nonsyn","nonsyn","G","E","A","V",1,1,1,0,0,0,0
"132",321,100,"g","g","a","a",0,0,0,0,0,0,0,0,0,0,"syn","syn","syn","syn","syn","syn","G","G","G","G",0,0,0,0,0,0,0
"133",322,100,"a","a","g","g",0,0,0,0,0,0,0,0,0,0,"nonsyn","nonsyn","nonsyn","nonsyn","nonsyn","nonsyn","N","D","H","Y",1,1,1,0,0,0,0
"134",323,100,"a","a","g","g",0.03,0.03,0,0,0,0,0,0,0.03,0.03,"nonsyn","nonsyn","nonsyn","nonsyn","nonsyn","nonsyn","N","S","T","I",0,0,1,1,0,0,0
"135",324,100,"t","t","c","c",0,0,0,0,0,0,0,0,0,0,"syn","nonsyn","nonsyn","syn","nonsyn","nonsyn","N","N","K","K",0,1,1,0,0,0,0
"136",325,100,"g","g","a","a",0,0,0.02,0.02,0.02,0,0.02,0,0.02,0.02,"nonsyn","nonsyn","nonsyn","nonsyn","nonsyn","nonsyn","A","T","P","S",1,1,1,0,0,0,0
"137",326,96,"c","t","t","c",0.270833333333333,0.4375,0.291666666666667,0.291666666666667,0.291666666666667,0,0.291666666666667,0,0.729166666666667,0.5625,"nonsyn","nonsyn","nonsyn","nonsyn","nonsyn","nonsyn","A","V","E","G",0,1,1,1,0,0,0
"138",327,95,"a","a","g","g",0,0,0,0,0,0,0,0,0,0,"syn","syn","syn","syn","syn","syn","A","A","A","A",0,0,0,0,0,0,0
"139",328,95,"c","c","t","t",0.0947368421052632,0.0947368421052632,0.242105263157895,0.242105263157895,0.189473684210526,0.0526315789473684,0.189473684210526,0.0526315789473684,0.336842105263158,0.336842105263158,"nonsyn","nonsyn","nonsyn","nonsyn","nonsyn","nonsyn","P","S","T","A",1,1,1,0,1,0,1
"140",329,99,"c","c","t","t",0,0,0,0,0,0,0,0,0,0,"nonsyn","nonsyn","nonsyn","nonsyn","nonsyn","nonsyn","P","L","Q","R",1,1,1,1,0,0,0
"141",330,100,"a","a","g","g",0,0,0,0,0,0,0,0,0,0,"syn","syn","syn","syn","syn","syn","P","P","P","P",0,0,0,0,0,0,0
"142",331,100,"a","a","g","g",0,0,0,0,0,0,0,0,0,0,"nonsyn","nonsyn","nonsyn","nonsyn","nonsyn","nonsyn","T","A","P","S",1,1,0,0,0,0,0
"143",332,100,"c","c","t","t",0,0,0.01,0.01,0.01,0,0.01,0,0.01,0.01,"nonsyn","nonsyn","nonsyn","nonsyn","nonsyn","nonsyn","T","I","K","R",1,1,1,1,0,0,0
"144",333,100,"a","a","g","g",0,0,0,0,0,0,0,0,0,0,"syn","syn","syn","syn","syn","syn","T","T","T","T",0,0,0,0,0,0,0
"145",334,100,"a","a","g","g",0,0,0,0,0,0,0,0,0,0,"nonsyn","nonsyn","nonsyn","nonsyn","nonsyn","nonsyn","T","A","P","S",1,1,0,0,0,0,0
"146",335,100,"c","c","t","t",0,0,0.02,0.02,0.02,0,0.02,0,0.02,0.02,"nonsyn","nonsyn","nonsyn","nonsyn","nonsyn","nonsyn","T","I","K","R",1,1,1,1,0,0,0
"147",336,98,"a","a","g","g",0,0,0,0,0,0,0,0,0,0,"syn","syn","syn","syn","syn","syn","T","T","T","T",0,0,0,0,0,0,0
"148",337,100,"a","a","g","g",0,0,0,0,0,0,0,0,0,0,"nonsyn","nonsyn","nonsyn","nonsyn","nonsyn","nonsyn","T","A","P","S",1,1,0,0,0,0,0
"149",338,98,"c","c","t","t",0,0,0.0510204081632653,0.0510204081632653,0.0510204081632653,0,0.0510204081632653,0,0.0510204081632653,0.0510204081632653,"nonsyn","nonsyn","nonsyn","nonsyn","nonsyn","nonsyn","T","I","K","R",1,1,1,1,1,1,0
"150",339,100,"a","a","g","g",0,0,0,0,0,0,0,0,0,0,"syn","syn","syn","syn","syn","syn","T","T","T","T",0,0,0,0,0,0,0
"151",340,98,"g","g","a","a",0.23469387755102,0.23469387755102,0,0,0,0,0,0,0.23469387755102,0.23469387755102,"nonsyn","nonsyn","nonsyn","nonsyn","nonsyn","nonsyn","A","T","P","S",1,1,1,0,0,0,0
"152",341,100,"c","c","t","t",0,0,0,0,0,0,0,0,0,0,"nonsyn","nonsyn","nonsyn","nonsyn","nonsyn","nonsyn","A","V","E","G",0,1,1,1,0,0,0
"153",342,100,"a","a","g","g",0,0,0,0,0,0,0,0,0,0,"syn","syn","syn","syn","syn","syn","A","A","A","A",0,0,0,0,0,0,0
"154",343,100,"a","a","g","g",0,0,0,0,0,0,0,0,0,0,"nonsyn","nonsyn","nonsyn","nonsyn","nonsyn","nonsyn","T","A","P","S",1,1,0,0,0,0,0
"155",344,100,"c","c","t","t",0,0,0,0,0,0,0,0,0,0,"nonsyn","nonsyn","nonsyn","nonsyn","nonsyn","nonsyn","T","I","K","R",1,1,1,1,0,0,0
"156",345,100,"a","a","g","g",0,0,0,0,0,0,0,0,0,0,"syn","syn","syn","syn","syn","syn","T","T","T","T",0,0,0,0,0,0,0
"157",346,100,"a","a","g","g",0.02,0.02,0,0,0,0,0,0,0.02,0.02,"nonsyn","nonsyn","nonsyn","nonsyn","nonsyn","nonsyn","T","A","P","S",1,1,0,0,0,0,0
"158",347,100,"c","c","t","t",0,0,0,0,0,0,0,0,0,0,"nonsyn","nonsyn","nonsyn","nonsyn","nonsyn","nonsyn","T","I","K","R",1,1,1,1,0,0,0
"159",348,100,"a","a","g","g",0,0,0,0,0,0,0,0,0,0,"syn","syn","syn","syn","syn","syn","T","T","T","T",0,0,0,0,0,0,0
"160",349,100,"t","t","c","c",0,0,0.07,0.07,0.07,0,0.07,0,0.07,0.07,"nonsyn","nonsyn","nonsyn","nonsyn","nonsyn","nonsyn","S","P","T","A",1,0,1,0,0,0,0
"161",350,100,"c","c","t","t",0,0,0,0,0,0,0,0,0,0,"nonsyn","stop","stop","nonsyn","stop","stop","S","L","*","*",1,1,1,1,0,0,0
"162",351,100,"a","a","g","g",0,0,0,0,0,0,0,0,0,0,"syn","syn","syn","syn","syn","syn","S","S","S","S",0,0,0,0,0,0,0
"163",352,100,"a","a","g","g",0.02,0.02,0,0,0,0,0,0,0.02,0.02,"nonsyn","nonsyn","nonsyn","nonsyn","nonsyn","nonsyn","T","A","P","S",1,1,0,0,0,0,0
"164",353,100,"c","c","t","t",0,0,0,0,0,0,0,0,0,0,"nonsyn","nonsyn","nonsyn","nonsyn","nonsyn","nonsyn","T","I","K","R",1,1,1,1,0,0,0
"165",354,100,"a","a","g","g",0,0,0,0,0,0,0,0,0,0,"syn","syn","syn","syn","syn","syn","T","T","T","T",0,0,0,0,0,0,0
"166",355,100,"a","a","g","g",0,0,0,0,0,0,0,0,0,0,"nonsyn","nonsyn","nonsyn","nonsyn","nonsyn","nonsyn","T","A","P","S",1,1,0,0,0,0,0
"167",356,100,"c","c","t","t",0,0,0.12,0.12,0,0.12,0,0.12,0.12,0.12,"nonsyn","nonsyn","nonsyn","nonsyn","nonsyn","nonsyn","T","I","K","R",1,1,1,1,0,0,0
"168",357,100,"a","a","g","g",0,0,0,0,0,0,0,0,0,0,"syn","syn","syn","syn","syn","syn","T","T","T","T",0,0,0,0,0,0,0
"169",358,100,"a","a","g","g",0,0,0,0,0,0,0,0,0,0,"nonsyn","nonsyn","nonsyn","nonsyn","nonsyn","nonsyn","T","A","P","S",1,1,0,0,0,0,0
"170",359,100,"c","c","t","t",0,0,0,0,0,0,0,0,0,0,"nonsyn","nonsyn","nonsyn","nonsyn","nonsyn","nonsyn","T","I","K","R",1,1,1,1,0,0,0
"171",360,100,"a","a","g","g",0.01,0.01,0,0,0,0,0,0,0.01,0.01,"syn","syn","syn","syn","syn","syn","T","T","T","T",0,0,0,0,0,0,0
"172",361,100,"c","c","t","t",0.02,0.02,0.05,0.05,0.05,0,0.05,0,0.07,0.07,"nonsyn","nonsyn","nonsyn","nonsyn","nonsyn","nonsyn","P","S","T","A",1,1,1,0,1,0,1
"173",362,100,"c","c","t","t",0,0,0,0,0,0,0,0,0,0,"nonsyn","nonsyn","nonsyn","nonsyn","nonsyn","nonsyn","P","L","Q","R",1,1,1,1,0,0,0
"174",363,100,"a","a","g","g",0,0,0,0,0,0,0,0,0,0,"syn","syn","syn","syn","syn","syn","P","P","P","P",0,0,0,0,0,0,0
"175",364,100,"a","a","g","g",0,0,0.05,0.05,0.05,0,0.05,0,0.05,0.05,"nonsyn","nonsyn","stop","nonsyn","nonsyn","stop","K","E","Q","*",1,1,1,0,0,0,0
"176",365,100,"a","a","g","g",0,0,0.07,0.07,0.07,0,0.07,0,0.07,0.07,"nonsyn","nonsyn","nonsyn","nonsyn","nonsyn","nonsyn","K","R","T","I",0,1,1,0,1,1,0
"177",366,100,"a","a","g","g",0,0,0,0,0,0,0,0,0,0,"syn","nonsyn","nonsyn","syn","nonsyn","nonsyn","K","K","N","N",0,1,1,0,0,0,0
"178",367,100,"g","g","a","a",0.05,0.05,0,0,0,0,0,0,0.05,0.05,"nonsyn","nonsyn","stop","nonsyn","nonsyn","stop","E","K","Q","*",1,1,1,0,0,0,0
"179",368,100,"a","a","g","g",0,0,0,0,0,0,0,0,0,0,"nonsyn","nonsyn","nonsyn","nonsyn","nonsyn","nonsyn","E","G","A","V",1,1,1,0,0,0,0
"180",369,100,"a","a","g","g",0,0,0,0,0,0,0,0,0,0,"syn","nonsyn","nonsyn","syn","nonsyn","nonsyn","E","E","D","D",0,0,0,0,0,0,0
"181",370,100,"a","a","g","g",0.09,0.09,0,0,0,0,0,0,0.09,0.09,"nonsyn","nonsyn","nonsyn","nonsyn","nonsyn","nonsyn","T","A","P","S",1,1,0,0,0,0,0
"182",371,100,"c","c","t","t",0,0,0,0,0,0,0,0,0,0,"nonsyn","nonsyn","nonsyn","nonsyn","nonsyn","nonsyn","T","I","K","R",1,1,1,1,0,0,0
"183",372,100,"a","a","g","g",0,0,0,0,0,0,0,0,0,0,"syn","syn","syn","syn","syn","syn","T","T","T","T",0,0,0,0,0,0,0
"184",373,100,"a","a","g","g",0.22,0.22,0,0,0,0,0,0,0.22,0.22,"nonsyn","nonsyn","nonsyn","nonsyn","nonsyn","nonsyn","N","D","H","Y",1,1,1,0,0,0,0
"185",374,100,"a","a","g","g",0.01,0.01,0,0,0,0,0,0,0.01,0.01,"nonsyn","nonsyn","nonsyn","nonsyn","nonsyn","nonsyn","N","S","T","I",0,0,1,1,0,0,0
"186",375,100,"t","t","c","c",0,0,0,0,0,0,0,0,0,0,"syn","nonsyn","nonsyn","syn","nonsyn","nonsyn","N","N","K","K",0,1,1,0,0,0,0
"187",376,100,"g","g","a","a",0,0,0,0,0,0,0,0,0,0,"nonsyn","nonsyn","nonsyn","nonsyn","nonsyn","nonsyn","V","I","L","F",0,0,0,0,0,0,0
"188",377,100,"t","t","c","c",0,0,0,0,0,0,0,0,0,0,"nonsyn","nonsyn","nonsyn","nonsyn","nonsyn","nonsyn","V","A","D","G",0,1,1,1,0,0,0
"189",378,100,"t","t","c","c",0.01,0.01,0,0,0,0,0,0,0.01,0.01,"syn","syn","syn","syn","syn","syn","V","V","V","V",0,0,0,0,0,0,0
"190",379,100,"g","g","a","a",0,0,0,0,0,0,0,0,0,0,"nonsyn","nonsyn","nonsyn","nonsyn","nonsyn","nonsyn","V","I","L","L",0,0,0,0,0,0,0
"191",380,100,"t","t","c","c",0,0,0,0,0,0,0,0,0,0,"nonsyn","nonsyn","nonsyn","nonsyn","nonsyn","nonsyn","V","A","E","G",0,1,1,0,0,0,0
"192",381,100,"a","a","g","g",0,0,0,0,0,0,0,0,0,0,"syn","syn","syn","syn","syn","syn","V","V","V","V",0,0,0,0,0,0,0
"193",382,100,"a","a","g","g",0,0,0,0,0,0,0,0,0,0,"nonsyn","nonsyn","nonsyn","nonsyn","nonsyn","nonsyn","N","D","H","Y",1,1,1,0,0,0,0
"194",383,100,"a","a","g","g",0.01,0.01,0,0,0,0,0,0,0.01,0.01,"nonsyn","nonsyn","nonsyn","nonsyn","nonsyn","nonsyn","N","S","T","I",0,0,1,1,0,0,0
"195",384,100,"t","t","c","c",0,0,0,0,0,0,0,0,0,0,"syn","nonsyn","nonsyn","syn","nonsyn","nonsyn","N","N","K","K",0,1,1,0,0,0,0
"196",385,100,"g","g","a","a",0,0,0,0,0,0,0,0,0,0,"nonsyn","nonsyn","stop","nonsyn","nonsyn","stop","E","K","Q","*",1,1,1,0,0,0,0
"197",386,100,"a","a","g","g",0,0,0,0,0,0,0,0,0,0,"nonsyn","nonsyn","nonsyn","nonsyn","nonsyn","nonsyn","E","G","A","V",1,1,1,0,0,0,0
"198",387,100,"a","a","g","g",0,0,0,0,0,0,0,0,0,0,"syn","nonsyn","nonsyn","syn","nonsyn","nonsyn","E","E","D","D",0,0,0,0,0,0,0
"199",388,100,"a","a","g","g",0,0,0,0,0,0,0,0,0,0,"nonsyn","nonsyn","nonsyn","nonsyn","nonsyn","nonsyn","T","A","P","S",1,1,0,0,0,0,0
"200",389,100,"c","c","t","t",0,0,0,0,0,0,0,0,0,0,"nonsyn","nonsyn","nonsyn","nonsyn","nonsyn","nonsyn","T","I","N","S",1,0,0,0,1,0,1
"201",390,100,"t","t","c","c",0,0,0,0,0,0,0,0,0,0,"syn","syn","syn","syn","syn","syn","T","T","T","T",0,0,0,0,1,1,0
"202",391,100,"a","a","g","g",0,0,0,0,0,0,0,0,0,0,"nonsyn","nonsyn","nonsyn","nonsyn","nonsyn","nonsyn","S","G","R","C",1,1,1,0,0,0,0
"203",392,100,"g","g","a","a",0,0,0,0,0,0,0,0,0,0,"nonsyn","nonsyn","nonsyn","nonsyn","nonsyn","nonsyn","S","N","T","I",0,0,1,0,0,0,0
"204",393,100,"t","t","c","c",0,0,0,0,0,0,0,0,0,0,"syn","nonsyn","nonsyn","syn","nonsyn","nonsyn","S","S","R","R",0,1,1,0,0,0,0
"205",394,100,"t","t","c","c",0.01,0.01,0,0,0,0,0,0,0.01,0.01,"nonsyn","nonsyn","nonsyn","nonsyn","nonsyn","nonsyn","S","P","T","A",1,0,1,0,0,0,0
"206",395,100,"c","c","t","t",0.01,0.01,0,0,0,0,0,0,0.01,0.01,"nonsyn","nonsyn","nonsyn","nonsyn","nonsyn","nonsyn","S","F","Y","C",1,1,1,0,1,0,1
"207",396,100,"t","t","c","c",0,0,0,0,0,0,0,0,0,0,"syn","syn","syn","syn","syn","syn","S","S","S","S",0,0,0,1,0,0,0
"208",397,100,"t","t","c","c",0,0,0,0,0,0,0,0,0,0,"nonsyn","nonsyn","nonsyn","nonsyn","nonsyn","nonsyn","C","R","S","G",1,1,0,0,0,0,0
"209",398,100,"g","g","a","a",0,0,0,0,0,0,0,0,0,0,"nonsyn","nonsyn","nonsyn","nonsyn","nonsyn","nonsyn","C","Y","S","F",1,1,1,1,0,0,0
"210",399,100,"t","t","c","c",0,0,0,0,0,0,0,0,0,0,"syn","stop","nonsyn","syn","stop","nonsyn","C","C","*","W",0,1,1,0,0,0,0
"211",400,100,"g","g","a","a",0,0,0,0,0,0,0,0,0,0,"nonsyn","nonsyn","nonsyn","nonsyn","nonsyn","nonsyn","V","I","L","L",0,0,0,0,0,0,0
"212",401,100,"t","t","c","c",0,0,0,0,0,0,0,0,0,0,"nonsyn","nonsyn","nonsyn","nonsyn","nonsyn","nonsyn","V","A","E","G",0,1,1,0,0,0,0
"213",402,100,"a","a","g","g",0,0,0,0,0,0,0,0,0,0,"syn","syn","syn","syn","syn","syn","V","V","V","V",0,0,0,0,0,0,0
"214",403,100,"a","a","g","g",0,0,0,0,0,0,0,0,0,0,"nonsyn","nonsyn","stop","nonsyn","nonsyn","stop","K","E","Q","*",1,1,1,0,0,0,0
"215",404,100,"a","a","g","g",0,0,0,0,0,0,0,0,0,0,"nonsyn","nonsyn","nonsyn","nonsyn","nonsyn","nonsyn","K","R","T","I",0,1,1,0,0,0,0
"216",405,100,"a","a","g","g",0,0,0,0,0,0,0,0,0,0,"syn","nonsyn","nonsyn","syn","nonsyn","nonsyn","K","K","N","N",0,1,1,0,0,0,0
"217",406,100,"a","a","g","g",0,0,0.01,0.01,0.01,0,0.01,0,0.01,0.01,"nonsyn","nonsyn","nonsyn","nonsyn","nonsyn","nonsyn","N","D","H","Y",1,1,1,0,0,0,0
"218",407,100,"a","a","g","g",0,0,0,0,0,0,0,0,0,0,"nonsyn","nonsyn","nonsyn","nonsyn","nonsyn","nonsyn","N","S","T","I",0,0,1,0,0,0,0
"219",408,100,"c","c","t","t",0,0,0,0,0,0,0,0,0,0,"syn","nonsyn","nonsyn","syn","nonsyn","nonsyn","N","N","K","K",0,1,1,1,0,0,0
"220",409,100,"a","a","g","g",0,0,0,0,0,0,0,0,0,0,"nonsyn","nonsyn","nonsyn","nonsyn","nonsyn","nonsyn","N","D","H","Y",1,1,1,0,0,0,0
"221",410,100,"a","a","g","g",0,0,0,0,0,0,0,0,0,0,"nonsyn","nonsyn","nonsyn","nonsyn","nonsyn","nonsyn","N","S","T","I",0,0,1,0,0,0,0
"222",411,100,"t","t","c","c",0,0,0,0,0,0,0,0,0,0,"syn","nonsyn","nonsyn","syn","nonsyn","nonsyn","N","N","K","K",0,1,1,0,0,0,0
"223",412,100,"a","a","g","g",0,0,0,0,0,0,0,0,0,0,"nonsyn","nonsyn","nonsyn","nonsyn","nonsyn","nonsyn","N","D","H","Y",1,1,1,0,0,0,0
"224",413,100,"a","a","g","g",0,0,0,0,0,0,0,0,0,0,"nonsyn","nonsyn","nonsyn","nonsyn","nonsyn","nonsyn","N","S","T","I",0,0,1,0,0,0,0
"225",414,100,"t","t","c","c",0,0,0,0,0,0,0,0,0,0,"syn","nonsyn","nonsyn","syn","nonsyn","nonsyn","N","N","K","K",0,1,1,1,0,0,0
"226",415,100,"t","t","c","c",0,0,0,0,0,0,0,0,0,0,"nonsyn","nonsyn","nonsyn","nonsyn","nonsyn","nonsyn","C","R","S","G",1,1,0,0,0,0,0
"227",416,100,"g","g","a","a",0,0,0,0,0,0,0,0,0,0,"nonsyn","nonsyn","nonsyn","nonsyn","nonsyn","nonsyn","C","Y","S","F",1,1,1,0,0,0,0
"228",417,100,"t","t","c","c",0,0,0,0,0,0,0,0,0,0,"syn","stop","nonsyn","syn","stop","nonsyn","C","C","*","W",0,1,1,0,0,0,0
"229",418,100,"a","a","g","g",0,0,0,0,0,0,0,0,0,0,"nonsyn","nonsyn","nonsyn","nonsyn","nonsyn","nonsyn","T","A","P","S",1,1,0,0,0,0,0
"230",419,100,"c","c","t","t",0,0,0,0,0,0,0,0,0,0,"nonsyn","nonsyn","nonsyn","nonsyn","nonsyn","nonsyn","T","I","K","R",1,1,1,1,1,1,0
"231",420,100,"a","a","g","g",0,0,0,0,0,0,0,0,0,0,"syn","syn","syn","syn","syn","syn","T","T","T","T",0,0,0,0,1,1,0
"232",421,100,"g","g","a","a",0,0,0,0,0,0,0,0,0,0,"nonsyn","nonsyn","nonsyn","nonsyn","nonsyn","nonsyn","G","S","R","C",1,1,0,0,0,0,0
"233",422,100,"g","g","a","a",0,0,0,0,0,0,0,0,0,0,"nonsyn","nonsyn","nonsyn","nonsyn","nonsyn","nonsyn","G","D","A","V",1,1,1,0,0,0,0
"234",423,100,"c","c","t","t",0,0,0,0,0,0,0,0,0,0,"syn","syn","syn","syn","syn","syn","G","G","G","G",0,0,0,0,1,0,1
"235",424,100,"t","t","c","c",0,0,0,0,0,0,0,0,0,0,"syn","nonsyn","nonsyn","syn","nonsyn","nonsyn","L","L","I","V",0,0,0,0,0,0,0
"236",425,100,"t","t","c","c",0,0,0,0,0,0,0,0,0,0,"nonsyn","stop","stop","nonsyn","stop","stop","L","S","*","*",1,1,1,0,1,1,0
"237",426,100,"a","a","g","g",0,0,0,0,0,0,0,0,0,0,"syn","nonsyn","nonsyn","syn","nonsyn","nonsyn","L","L","F","F",0,0,0,0,0,0,0
"238",427,100,"g","g","a","a",0,0,0.01,0.01,0.01,0,0.01,0,0.01,0.01,"nonsyn","nonsyn","stop","nonsyn","nonsyn","stop","E","K","Q","*",1,1,1,0,1,1,0
"239",428,100,"a","a","g","g",0,0,0,0,0,0,0,0,0,0,"nonsyn","nonsyn","nonsyn","nonsyn","nonsyn","nonsyn","E","G","A","V",1,1,1,0,0,0,0
"240",429,100,"g","g","a","a",0.05,0.05,0,0,0,0,0,0,0.05,0.05,"syn","nonsyn","nonsyn","syn","nonsyn","nonsyn","E","E","D","D",0,0,0,0,0,0,0
"241",430,100,"c","c","t","t",0,0,0,0,0,0,0,0,0,0,"stop","nonsyn","nonsyn","nonsyn","nonsyn","nonsyn","Q","*","K","E",1,1,1,1,0,0,0
"242",431,100,"a","c","g","t",0.03,0,0.07,0.93,0.07,0,0.9,0.03,0.93,0.1,"nonsyn","nonsyn","nonsyn","nonsyn","nonsyn","nonsyn","Q","R","P","L",1,1,1,0,1,1,0
"243",432,100,"a","g","g","a",0.15,0.85,0,0,0,0,0,0,0.85,0.15,"syn","nonsyn","nonsyn","syn","syn","syn","Q","Q","H","H",0,1,1,0,0,0,0
"244",433,100,"g","g","a","a",0,0,0,0,0,0,0,0,0,0,"nonsyn","nonsyn","stop","nonsyn","nonsyn","stop","E","K","Q","*",1,1,1,0,0,0,0
"245",434,100,"a","a","g","g",0,0,0,0,0,0,0,0,0,0,"nonsyn","nonsyn","nonsyn","nonsyn","nonsyn","nonsyn","E","G","A","V",1,1,1,0,0,0,0
"246",435,100,"a","a","g","g",0,0,0,0,0,0,0,0,0,0,"syn","nonsyn","nonsyn","syn","nonsyn","nonsyn","E","E","D","D",0,0,0,0,0,0,0
"247",436,100,"c","c","t","t",0,0,0,0,0,0,0,0,0,0,"nonsyn","nonsyn","nonsyn","nonsyn","nonsyn","nonsyn","P","S","T","A",1,1,1,0,1,0,1
"248",437,100,"c","c","t","t",0,0,0,0,0,0,0,0,0,0,"nonsyn","nonsyn","nonsyn","nonsyn","nonsyn","nonsyn","P","L","Q","R",1,1,1,1,0,0,0
"249",438,100,"a","a","g","g",0,0,0.01,0.01,0.01,0,0.01,0,0.01,0.01,"syn","syn","syn","syn","syn","syn","P","P","P","P",0,0,0,0,0,0,0
"250",439,100,"a","a","g","g",0,0,0,0,0,0,0,0,0,0,"nonsyn","nonsyn","nonsyn","nonsyn","nonsyn","nonsyn","M","V","L","L",0,0,0,1,0,0,0
"251",440,100,"t","t","c","c",0,0,0,0,0,0,0,0,0,0,"nonsyn","nonsyn","nonsyn","nonsyn","nonsyn","nonsyn","M","T","K","R",1,1,1,0,1,1,0
"252",441,100,"g","g","a","a",0,0,0.01,0.01,0,0.01,0,0.01,0.01,0.01,"nonsyn","nonsyn","nonsyn","nonsyn","nonsyn","nonsyn","M","I","I","I",0,0,0,0,0,0,0
"253",442,100,"g","g","a","a",0,0,0,0,0,0,0,0,0,0,"nonsyn","nonsyn","nonsyn","nonsyn","nonsyn","nonsyn","V","I","L","L",0,0,0,0,0,0,0
"254",443,100,"t","t","c","c",0,0,0,0,0,0,0,0,0,0,"nonsyn","nonsyn","nonsyn","nonsyn","nonsyn","nonsyn","V","A","E","G",0,1,1,0,0,0,0
"255",444,100,"a","a","g","g",0,0,0,0,0,0,0,0,0,0,"syn","syn","syn","syn","syn","syn","V","V","V","V",0,0,0,0,1,1,0
"256",445,100,"a","a","g","g",0,0,0,0,0,0,0,0,0,0,"nonsyn","nonsyn","nonsyn","nonsyn","nonsyn","nonsyn","S","G","R","C",1,1,1,0,0,0,0
"257",446,100,"g","g","a","a",0.01,0.01,0,0,0,0,0,0,0.01,0.01,"nonsyn","nonsyn","nonsyn","nonsyn","nonsyn","nonsyn","S","N","T","I",0,0,1,0,0,0,0
"258",447,100,"c","c","t","t",0,0,0,0,0,0,0,0,0,0,"syn","nonsyn","nonsyn","syn","nonsyn","nonsyn","S","S","R","R",0,1,1,1,1,0,1
"259",448,100,"t","t","c","c",0,0,0,0,0,0,0,0,0,0,"nonsyn","nonsyn","nonsyn","nonsyn","nonsyn","nonsyn","C","R","S","G",1,1,0,0,0,0,0
"260",449,100,"g","g","a","a",0,0,0,0,0,0,0,0,0,0,"nonsyn","nonsyn","nonsyn","nonsyn","nonsyn","nonsyn","C","Y","S","F",1,1,1,0,0,0,0
"261",450,100,"t","t","c","c",0,0,0,0,0,0,0,0,0,0,"syn","stop","nonsyn","syn","stop","nonsyn","C","C","*","W",0,1,1,0,0,0,0
"262",451,100,"a","a","g","g",0,0,0,0,0,0,0,0,0,0,"nonsyn","nonsyn","stop","nonsyn","nonsyn","stop","K","E","Q","*",1,1,1,0,0,0,0
"263",452,100,"a","a","g","g",0.01,0.01,0,0,0,0,0,0,0.01,0.01,"nonsyn","nonsyn","nonsyn","nonsyn","nonsyn","nonsyn","K","R","T","I",0,1,1,0,0,0,0
"264",453,100,"a","a","g","g",0,0,0,0,0,0,0,0,0,0,"syn","nonsyn","nonsyn","syn","nonsyn","nonsyn","K","K","N","N",0,1,1,0,0,0,0
"265",454,100,"t","t","c","c",0,0,0,0,0,0,0,0,0,0,"nonsyn","nonsyn","nonsyn","nonsyn","nonsyn","nonsyn","F","L","I","V",0,0,0,0,0,0,0
"266",455,100,"t","t","c","c",0,0,0,0,0,0,0,0,0,0,"nonsyn","nonsyn","nonsyn","nonsyn","nonsyn","nonsyn","F","S","Y","C",1,0,1,0,0,0,0
"267",456,100,"t","t","c","c",0,0,0,0,0,0,0,0,0,0,"syn","nonsyn","nonsyn","syn","nonsyn","nonsyn","F","F","L","L",0,0,0,0,0,0,0
"268",457,100,"a","a","g","g",0,0,0,0,0,0,0,0,0,0,"nonsyn","nonsyn","nonsyn","nonsyn","nonsyn","nonsyn","N","D","H","Y",1,1,1,0,0,0,0
"269",458,100,"a","a","g","g",0,0,0,0,0,0,0,0,0,0,"nonsyn","nonsyn","nonsyn","nonsyn","nonsyn","nonsyn","N","S","T","I",0,0,1,0,0,0,0
"270",459,100,"c","c","t","t",0.01,0.01,0,0,0,0,0,0,0.01,0.01,"syn","nonsyn","nonsyn","syn","nonsyn","nonsyn","N","N","K","K",0,1,1,1,0,0,0
"271",460,100,"a","a","g","g",0,0,0,0,0,0,0,0,0,0,"nonsyn","nonsyn","nonsyn","nonsyn","nonsyn","nonsyn","M","V","L","L",0,0,0,1,0,0,0
"272",461,100,"t","t","c","c",0,0,0,0,0,0,0,0,0,0,"nonsyn","nonsyn","nonsyn","nonsyn","nonsyn","nonsyn","M","T","K","R",1,1,1,0,0,0,0
"273",462,100,"g","g","a","a",0,0,0,0,0,0,0,0,0,0,"nonsyn","nonsyn","nonsyn","nonsyn","nonsyn","nonsyn","M","I","I","I",0,0,0,0,0,0,0
"274",463,100,"a","a","g","g",0,0,0,0,0,0,0,0,0,0,"nonsyn","nonsyn","nonsyn","nonsyn","nonsyn","nonsyn","T","A","P","S",1,1,0,0,0,0,0
"275",464,100,"c","c","t","t",0,0,0,0,0,0,0,0,0,0,"nonsyn","nonsyn","nonsyn","nonsyn","nonsyn","nonsyn","T","I","N","S",1,0,0,1,1,0,1
"276",465,100,"t","t","c","c",0,0,0.01,0.01,0.01,0,0.01,0,0.01,0.01,"syn","syn","syn","syn","syn","syn","T","T","T","T",0,0,0,0,1,1,0
"277",466,100,"g","g","a","a",0,0,0,0,0,0,0,0,0,0,"nonsyn","nonsyn","nonsyn","nonsyn","nonsyn","nonsyn","G","R","R","W",1,1,1,0,1,1,0
"278",467,100,"g","g","a","a",0,0,0,0,0,0,0,0,0,0,"nonsyn","nonsyn","nonsyn","nonsyn","nonsyn","nonsyn","G","E","A","V",1,1,1,0,0,0,0
"279",468,100,"g","g","a","a",0,0,0,0,0,0,0,0,0,0,"syn","syn","syn","syn","syn","syn","G","G","G","G",0,0,0,0,0,0,0
"280",469,100,"t","t","c","c",0,0,0,0,0,0,0,0,0,0,"syn","nonsyn","nonsyn","syn","nonsyn","nonsyn","L","L","I","V",0,0,0,0,0,0,0
"281",470,100,"t","t","c","c",0,0,0,0,0,0,0,0,0,0,"nonsyn","stop","stop","nonsyn","stop","stop","L","S","*","*",1,1,1,0,0,0,0
"282",471,100,"a","a","g","g",0,0,0,0,0,0,0,0,0,0,"syn","nonsyn","nonsyn","syn","nonsyn","nonsyn","L","L","F","F",0,0,0,0,0,0,0
"283",472,100,"a","a","g","g",0.01,0.01,0,0,0,0,0,0,0.01,0.01,"nonsyn","nonsyn","stop","nonsyn","nonsyn","stop","K","E","Q","*",1,1,1,0,0,0,0
"284",473,100,"a","a","g","g",0,0,0,0,0,0,0,0,0,0,"nonsyn","nonsyn","nonsyn","nonsyn","nonsyn","nonsyn","K","R","T","I",0,1,1,0,0,0,0
"285",474,100,"a","a","g","g",0,0,0,0,0,0,0,0,0,0,"syn","nonsyn","nonsyn","syn","nonsyn","nonsyn","K","K","N","N",0,1,1,0,1,1,0
"286",475,100,"a","a","g","g",0,0,0,0,0,0,0,0,0,0,"nonsyn","syn","nonsyn","nonsyn","syn","nonsyn","R","G","R","W",1,0,1,0,1,1,0
"287",476,100,"g","g","a","a",0,0,0,0,0,0,0,0,0,0,"nonsyn","nonsyn","nonsyn","nonsyn","nonsyn","nonsyn","R","K","T","M",0,1,1,0,1,1,0
"288",477,100,"g","g","a","a",0,0,0,0,0,0,0,0,0,0,"syn","nonsyn","nonsyn","syn","nonsyn","nonsyn","R","R","S","S",0,1,1,0,0,0,0
"289",478,100,"g","g","a","a",0,0,0,0,0,0,0,0,0,0,"nonsyn","nonsyn","nonsyn","nonsyn","nonsyn","nonsyn","D","N","H","Y",1,1,1,0,0,0,0
"290",479,100,"a","a","g","g",0,0,0,0,0,0,0,0,0,0,"nonsyn","nonsyn","nonsyn","nonsyn","nonsyn","nonsyn","D","G","A","V",1,1,1,0,0,0,0
"291",480,100,"c","c","t","t",0,0,0,0,0,0,0,0,0,0,"syn","nonsyn","nonsyn","syn","nonsyn","nonsyn","D","D","E","E",0,0,0,1,0,0,0
"292",481,100,"a","a","g","g",0,0,0,0,0,0,0,0,0,0,"nonsyn","nonsyn","stop","nonsyn","nonsyn","stop","K","E","Q","*",1,1,1,0,0,0,0
"293",482,100,"a","a","g","g",0,0,0,0,0,0,0,0,0,0,"nonsyn","nonsyn","nonsyn","nonsyn","nonsyn","nonsyn","K","R","T","I",0,1,1,0,0,0,0
"294",483,100,"a","a","g","g",0,0,0,0,0,0,0,0,0,0,"syn","nonsyn","nonsyn","syn","nonsyn","nonsyn","K","K","N","N",0,1,1,0,1,1,0
"295",484,100,"a","a","g","g",0,0,0,0,0,0,0,0,0,0,"nonsyn","syn","nonsyn","nonsyn","nonsyn","stop","R","G","R","W",1,0,1,0,1,1,0
"296",485,100,"g","a","a","g",0.48,0.52,0,0,0,0,0,0,0.52,0.48,"nonsyn","nonsyn","nonsyn","nonsyn","nonsyn","nonsyn","R","K","T","M",0,1,1,0,0,0,0
"297",486,100,"g","g","a","a",0,0,0,0,0,0,0,0,0,0,"syn","nonsyn","nonsyn","syn","nonsyn","nonsyn","R","R","S","S",0,1,1,0,0,0,0
"298",487,100,"a","a","g","g",0,0,0,0,0,0,0,0,0,0,"nonsyn","nonsyn","stop","nonsyn","nonsyn","stop","K","E","Q","*",1,1,1,0,0,0,0
"299",488,100,"a","a","g","g",0,0,0,0,0,0,0,0,0,0,"nonsyn","nonsyn","nonsyn","nonsyn","nonsyn","nonsyn","K","R","T","I",0,1,1,0,1,1,0
"300",489,100,"a","a","g","g",0,0,0,0,0,0,0,0,0,0,"syn","nonsyn","nonsyn","syn","nonsyn","nonsyn","K","K","N","N",0,1,1,0,0,0,0
"301",490,100,"g","g","a","a",0,0,0,0,0,0,0,0,0,0,"nonsyn","nonsyn","stop","nonsyn","nonsyn","stop","E","K","Q","*",1,1,1,0,0,0,0
"302",491,100,"a","a","g","g",0,0,0,0,0,0,0,0,0,0,"nonsyn","nonsyn","nonsyn","nonsyn","nonsyn","nonsyn","E","G","A","V",1,1,1,0,0,0,0
"303",492,100,"a","a","g","g",0,0,0,0,0,0,0,0,0,0,"syn","nonsyn","nonsyn","syn","nonsyn","nonsyn","E","E","D","D",0,0,0,0,0,0,0
"304",493,100,"t","t","c","c",0,0,0,0,0,0,0,0,0,0,"nonsyn","nonsyn","nonsyn","nonsyn","nonsyn","nonsyn","Y","H","N","D",1,1,1,0,0,0,0
"305",494,100,"a","a","g","g",0,0,0,0,0,0,0,0,0,0,"nonsyn","nonsyn","nonsyn","nonsyn","nonsyn","nonsyn","Y","C","S","F",1,1,0,0,0,0,0
"306",495,100,"t","t","c","c",0.47,0.47,0,0,0,0,0,0,0.47,0.47,"syn","stop","stop","syn","stop","stop","Y","Y","*","*",0,1,1,0,0,0,0
"307",496,100,"a","a","g","g",0,0,0,0,0,0,0,0,0,0,"nonsyn","nonsyn","nonsyn","nonsyn","nonsyn","nonsyn","N","D","H","Y",1,1,1,0,0,0,0
"308",497,100,"a","a","g","g",0,0,0,0,0,0,0,0,0,0,"nonsyn","nonsyn","nonsyn","nonsyn","nonsyn","nonsyn","N","S","T","I",0,0,1,1,0,0,0
"309",498,100,"t","t","c","c",0,0,0,0,0,0,0,0,0,0,"syn","nonsyn","nonsyn","syn","nonsyn","nonsyn","N","N","K","K",0,1,1,0,0,0,0
"310",499,100,"g","g","a","a",0,0,0,0,0,0,0,0,0,0,"nonsyn","nonsyn","stop","nonsyn","nonsyn","stop","E","K","Q","*",1,1,1,0,0,0,0
"311",500,100,"a","a","g","g",0,0,0,0,0,0,0,0,0,0,"nonsyn","nonsyn","nonsyn","nonsyn","nonsyn","nonsyn","E","G","A","V",1,1,1,0,0,0,0
"312",501,100,"a","a","g","g",0,0,0,0,0,0,0,0,0,0,"syn","nonsyn","nonsyn","syn","nonsyn","nonsyn","E","E","D","D",0,0,0,0,0,0,0
"313",502,100,"a","a","g","g",0,0,0,0,0,0,0,0,0,0,"nonsyn","nonsyn","nonsyn","nonsyn","nonsyn","nonsyn","T","A","P","S",1,1,0,0,0,0,0
"314",503,100,"c","c","t","t",0,0,0,0,0,0,0,0,0,0,"nonsyn","nonsyn","nonsyn","nonsyn","nonsyn","nonsyn","T","I","K","R",1,1,1,1,0,0,0
"315",504,100,"a","a","g","g",0,0,0,0,0,0,0,0,0,0,"syn","syn","syn","syn","syn","syn","T","T","T","T",0,0,0,1,0,0,0
"316",505,100,"t","t","c","c",0,0,0,0,0,0,0,0,0,0,"nonsyn","nonsyn","nonsyn","nonsyn","nonsyn","nonsyn","W","R","R","G",1,1,1,0,1,1,0
"317",506,100,"g","g","a","a",0,0,0,0,0,0,0,0,0,0,"stop","nonsyn","nonsyn","stop","nonsyn","nonsyn","W","*","S","L",1,1,0,0,0,0,0
"318",507,100,"g","g","a","a",0,0,0,0,0,0,0,0,0,0,"stop","nonsyn","nonsyn","stop","nonsyn","nonsyn","W","*","C","C",1,1,1,0,0,0,0
"319",508,100,"t","t","c","c",0,0,0,0,0,0,0,0,0,0,"nonsyn","nonsyn","nonsyn","nonsyn","nonsyn","nonsyn","Y","H","N","D",1,1,1,0,0,0,0
"320",509,100,"a","a","g","g",0,0,0,0,0,0,0,0,0,0,"nonsyn","nonsyn","nonsyn","nonsyn","nonsyn","nonsyn","Y","C","S","F",1,1,0,0,0,0,0
"321",510,100,"t","t","c","c",0.01,0.01,0,0,0,0,0,0,0.01,0.01,"syn","stop","stop","syn","stop","stop","Y","Y","*","*",0,1,1,0,0,0,0
"322",511,100,"t","t","c","c",0,0,0,0,0,0,0,0,0,0,"nonsyn","nonsyn","nonsyn","nonsyn","nonsyn","nonsyn","S","P","T","A",1,0,1,0,0,0,0
"323",512,100,"c","c","t","t",0,0,0,0,0,0,0,0,0,0,"nonsyn","stop","stop","nonsyn","stop","stop","S","L","*","*",1,1,1,1,0,0,0
"324",513,100,"a","a","g","g",0,0,0,0,0,0,0,0,0,0,"syn","syn","syn","syn","syn","syn","S","S","S","S",0,0,0,0,1,1,0
"325",514,100,"a","a","g","g",0,0,0,0,0,0,0,0,0,0,"nonsyn","syn","stop","nonsyn","syn","stop","R","G","R","*",1,0,1,0,0,0,0
"326",515,100,"g","g","a","a",0,0,0,0,0,0,0,0,0,0,"nonsyn","nonsyn","nonsyn","nonsyn","nonsyn","nonsyn","R","K","T","I",0,1,1,0,1,1,0
"327",516,100,"a","a","g","g",0.01,0.01,0,0,0,0,0,0,0.01,0.01,"syn","nonsyn","nonsyn","syn","nonsyn","nonsyn","R","R","S","S",0,1,1,0,0,0,0
"328",517,100,"g","g","a","a",0,0,0,0,0,0,0,0,0,0,"nonsyn","nonsyn","nonsyn","nonsyn","nonsyn","nonsyn","D","N","H","Y",1,1,1,0,0,0,0
"329",518,100,"a","a","g","g",0,0,0,0,0,0,0,0,0,0,"nonsyn","nonsyn","nonsyn","nonsyn","nonsyn","nonsyn","D","G","A","V",1,1,1,0,0,0,0
"330",519,100,"t","t","c","c",0,0,0,0,0,0,0,0,0,0,"syn","nonsyn","nonsyn","syn","nonsyn","nonsyn","D","D","E","E",0,0,0,0,0,0,0
"331",520,100,"t","t","c","c",0,0,0,0,0,0,0,0,0,0,"syn","nonsyn","nonsyn","syn","nonsyn","nonsyn","L","L","I","V",0,0,0,0,0,0,0
"332",521,100,"t","t","c","c",0,0,0,0,0,0,0,0,0,0,"nonsyn","stop","stop","nonsyn","stop","stop","L","S","*","*",1,1,1,0,0,0,0
"333",522,100,"a","a","g","g",0,0,0,0,0,0,0,0,0,0,"syn","nonsyn","nonsyn","syn","nonsyn","nonsyn","L","L","F","F",0,0,0,0,0,0,0
"334",523,100,"a","a","g","g",0,0,0,0,0,0,0,0,0,0,"nonsyn","nonsyn","nonsyn","nonsyn","nonsyn","nonsyn","I","V","L","L",0,0,0,0,0,0,0
"335",524,100,"t","t","c","c",0,0,0,0,0,0,0,0,0,0,"nonsyn","nonsyn","nonsyn","nonsyn","nonsyn","nonsyn","I","T","K","R",1,1,1,0,0,0,0
"336",525,100,"a","a","g","g",0,0,0,0,0,0,0,0,0,0,"nonsyn","syn","syn","nonsyn","syn","syn","I","M","I","I",0,0,0,1,0,0,0
"337",526,100,"t","t","c","c",0,0,0,0,0,0,0,0,0,0,"nonsyn","nonsyn","nonsyn","nonsyn","nonsyn","nonsyn","C","R","S","G",1,1,0,0,0,0,0
"338",527,100,"g","g","a","a",0,0,0,0,0,0,0,0,0,0,"nonsyn","nonsyn","nonsyn","nonsyn","nonsyn","nonsyn","C","Y","S","F",1,1,1,1,0,0,0
"339",528,100,"t","t","c","c",0,0,0,0,0,0,0,0,0,0,"syn","stop","nonsyn","syn","stop","nonsyn","C","C","*","W",0,1,1,0,0,0,0
"340",529,100,"g","g","a","a",0,0,0,0,0,0,0,0,0,0,"nonsyn","nonsyn","stop","nonsyn","nonsyn","stop","E","K","Q","*",1,1,1,0,0,0,0
"341",530,100,"a","a","g","g",0,0,0,0,0,0,0,0,0,0,"nonsyn","nonsyn","nonsyn","nonsyn","nonsyn","nonsyn","E","G","A","V",1,1,1,0,0,0,0
"342",531,100,"a","a","g","g",0,0,0,0,0,0,0,0,0,0,"syn","nonsyn","nonsyn","syn","nonsyn","nonsyn","E","E","D","D",0,0,0,0,0,0,0
"343",532,100,"c","c","t","t",0,0,0,0,0,0,0,0,0,0,"stop","nonsyn","nonsyn","stop","nonsyn","nonsyn","Q","*","K","E",1,1,1,1,0,0,0
"344",533,100,"a","a","g","g",0,0,0,0,0,0,0,0,0,0,"nonsyn","nonsyn","nonsyn","nonsyn","nonsyn","nonsyn","Q","R","P","L",1,1,1,0,0,0,0
"345",534,100,"a","a","g","g",0,0,0,0,0,0,0,0,0,0,"syn","nonsyn","nonsyn","syn","nonsyn","nonsyn","Q","Q","H","H",0,1,1,0,0,0,0
"346",535,100,"a","a","g","g",0,0,0,0,0,0,0,0,0,0,"nonsyn","nonsyn","nonsyn","nonsyn","nonsyn","nonsyn","N","D","H","Y",1,1,1,0,0,0,0
"347",536,100,"a","a","g","g",0.28,0.28,0,0,0,0,0,0,0.28,0.28,"nonsyn","nonsyn","nonsyn","nonsyn","nonsyn","nonsyn","N","S","T","I",0,0,1,0,0,0,0
"348",537,100,"t","t","c","c",0,0,0,0,0,0,0,0,0,0,"syn","nonsyn","nonsyn","syn","nonsyn","nonsyn","N","N","K","K",0,1,1,0,0,0,0
"349",538,100,"a","a","g","g",0,0,0,0,0,0,0,0,0,0,"nonsyn","nonsyn","nonsyn","nonsyn","nonsyn","nonsyn","T","A","P","S",1,1,0,0,0,0,0
"350",539,100,"c","c","t","t",0,0,0.27,0.27,0.27,0,0.27,0,0.27,0.27,"nonsyn","nonsyn","nonsyn","nonsyn","nonsyn","nonsyn","T","I","N","S",1,0,0,0,1,0,1
"351",540,100,"t","t","c","c",0,0,0.01,0.01,0,0.01,0,0.01,0.01,0.01,"syn","syn","syn","syn","syn","syn","T","T","T","T",0,0,0,0,0,0,0
"352",541,100,"a","a","g","g",0.08,0.08,0,0,0,0,0,0,0.08,0.08,"nonsyn","nonsyn","nonsyn","nonsyn","nonsyn","nonsyn","N","D","H","Y",1,1,1,0,0,0,0
"353",542,100,"a","a","g","g",0.02,0.02,0,0,0,0,0,0,0.02,0.02,"nonsyn","nonsyn","nonsyn","nonsyn","nonsyn","nonsyn","N","S","T","I",0,0,1,1,0,0,0
"354",543,100,"t","t","c","c",0,0,0,0,0,0,0,0,0,0,"syn","nonsyn","nonsyn","syn","nonsyn","nonsyn","N","N","K","K",0,1,1,0,1,1,0
"355",544,100,"g","g","a","a",0,0,0,0,0,0,0,0,0,0,"nonsyn","nonsyn","stop","nonsyn","nonsyn","stop","G","R","R","*",1,1,1,0,0,0,0
"356",545,100,"g","g","a","a",0.02,0.02,0,0,0,0,0,0,0.02,0.02,"nonsyn","nonsyn","nonsyn","nonsyn","nonsyn","nonsyn","G","E","A","V",1,1,1,0,0,0,0
"357",546,100,"a","a","g","g",0,0,0,0,0,0,0,0,0,0,"syn","syn","syn","syn","syn","syn","G","G","G","G",0,0,0,0,1,1,0
"358",547,100,"a","a","g","g",0,0,0,0,0,0,0,0,0,0,"nonsyn","nonsyn","nonsyn","nonsyn","nonsyn","nonsyn","S","G","R","C",1,1,1,0,0,0,0
"359",548,100,"g","g","a","a",0.23,0.23,0.01,0.01,0.01,0,0.01,0,0.24,0.24,"nonsyn","nonsyn","nonsyn","nonsyn","nonsyn","nonsyn","S","N","T","I",0,0,1,1,0,0,0
"360",549,100,"t","t","c","c",0,0,0,0,0,0,0,0,0,0,"syn","nonsyn","nonsyn","syn","nonsyn","nonsyn","S","S","R","R",0,1,1,0,0,0,0
"361",550,100,"g","g","a","a",0,0,0,0,0,0,0,0,0,0,"nonsyn","nonsyn","stop","nonsyn","nonsyn","stop","E","K","Q","*",1,1,1,0,0,0,0
"362",551,100,"a","a","g","g",0,0,0,0,0,0,0,0,0,0,"nonsyn","nonsyn","nonsyn","nonsyn","nonsyn","nonsyn","E","G","A","V",1,1,1,0,0,0,0
"363",552,100,"a","a","g","g",0,0,0,0,0,0,0,0,0,0,"syn","nonsyn","nonsyn","syn","nonsyn","nonsyn","E","E","D","D",0,0,0,0,1,1,0
"364",553,100,"a","a","g","g",0,0,0,0,0,0,0,0,0,0,"nonsyn","nonsyn","nonsyn","nonsyn","nonsyn","nonsyn","S","G","R","C",1,1,1,0,0,0,0
"365",554,100,"g","g","a","a",0,0,0,0,0,0,0,0,0,0,"nonsyn","nonsyn","nonsyn","nonsyn","nonsyn","nonsyn","S","N","T","I",0,0,1,0,0,0,0
"366",555,100,"t","t","c","c",0.01,0.01,0,0,0,0,0,0,0.01,0.01,"syn","nonsyn","nonsyn","syn","nonsyn","nonsyn","S","S","R","R",0,1,1,0,0,0,0
"367",556,100,"a","a","g","g",0,0,0,0,0,0,0,0,0,0,"nonsyn","nonsyn","stop","nonsyn","nonsyn","stop","K","E","Q","*",1,1,1,0,0,0,0
"368",557,100,"a","a","g","g",0,0,0,0,0,0,0,0,0,0,"nonsyn","nonsyn","nonsyn","nonsyn","nonsyn","nonsyn","K","R","T","I",0,1,1,0,0,0,0
"369",558,100,"a","a","g","g",0,0,0,0,0,0,0,0,0,0,"syn","nonsyn","nonsyn","syn","nonsyn","nonsyn","K","K","N","N",0,1,1,1,0,0,0
"370",559,100,"t","t","c","c",0,0,0.01,0.01,0.01,0,0.01,0,0.01,0.01,"nonsyn","nonsyn","nonsyn","nonsyn","nonsyn","nonsyn","C","R","S","G",1,1,0,0,0,0,0
"371",560,100,"g","g","a","a",0,0,0,0,0,0,0,0,0,0,"nonsyn","nonsyn","nonsyn","nonsyn","nonsyn","nonsyn","C","Y","S","F",1,1,1,0,0,0,0
"372",561,100,"t","t","c","c",0,0,0,0,0,0,0,0,0,0,"syn","stop","nonsyn","syn","stop","nonsyn","C","C","*","W",0,1,1,0,0,0,0
"373",562,100,"t","t","c","c",0,0,0,0,0,0,0,0,0,0,"nonsyn","nonsyn","nonsyn","nonsyn","nonsyn","nonsyn","Y","H","N","D",1,1,1,0,0,0,0
"374",563,100,"a","a","g","g",0,0,0,0,0,0,0,0,0,0,"nonsyn","nonsyn","nonsyn","nonsyn","nonsyn","nonsyn","Y","C","S","F",1,1,0,0,0,0,0
"375",564,100,"c","c","t","t",0,0,0,0,0,0,0,0,0,0,"syn","stop","stop","syn","stop","stop","Y","Y","*","*",0,1,1,1,0,0,0
"376",565,100,"a","a","g","g",0,0,0,0,0,0,0,0,0,0,"nonsyn","nonsyn","nonsyn","nonsyn","nonsyn","nonsyn","M","V","L","L",0,0,0,1,0,0,0
"377",566,100,"t","t","c","c",0,0,0,0,0,0,0,0,0,0,"nonsyn","nonsyn","nonsyn","nonsyn","nonsyn","nonsyn","M","T","K","R",1,1,1,0,0,0,0
"378",567,100,"g","g","a","a",0,0,0,0,0,0,0,0,0,0,"nonsyn","nonsyn","nonsyn","nonsyn","nonsyn","nonsyn","M","I","I","I",0,0,0,0,0,0,0
"379",568,100,"a","a","g","g",0,0,0,0,0,0,0,0,0,0,"nonsyn","nonsyn","nonsyn","nonsyn","nonsyn","nonsyn","N","D","H","Y",1,1,1,0,0,0,0
"380",569,100,"a","a","g","g",0,0,0,0,0,0,0,0,0,0,"nonsyn","nonsyn","nonsyn","nonsyn","nonsyn","nonsyn","N","S","T","I",0,0,1,0,0,0,0
"381",570,100,"t","t","c","c",0,0,0,0,0,0,0,0,0,0,"syn","nonsyn","nonsyn","syn","nonsyn","nonsyn","N","N","K","K",0,1,1,0,0,0,0
"382",571,100,"c","c","t","t",0,0,0,0,0,0,0,0,0,0,"nonsyn","nonsyn","nonsyn","nonsyn","nonsyn","nonsyn","H","Y","N","D",1,1,1,1,0,0,0
"383",572,100,"a","a","g","g",0,0,0,0,0,0,0,0,0,0,"nonsyn","nonsyn","nonsyn","nonsyn","nonsyn","nonsyn","H","R","P","L",0,1,1,0,0,0,0
"384",573,100,"t","t","c","c",0,0,0,0,0,0,0,0,0,0,"syn","nonsyn","nonsyn","syn","nonsyn","nonsyn","H","H","Q","Q",0,1,1,1,0,0,0
"385",574,100,"t","t","c","c",0,0,0,0,0,0,0,0,0,0,"nonsyn","nonsyn","nonsyn","nonsyn","nonsyn","nonsyn","C","R","S","G",1,1,0,0,0,0,0
"386",575,100,"g","g","a","a",0,0,0,0,0,0,0,0,0,0,"nonsyn","nonsyn","nonsyn","nonsyn","nonsyn","nonsyn","C","Y","S","F",1,1,1,0,0,0,0
"387",576,100,"t","t","c","c",0,0,0,0,0,0,0,0,0,0,"syn","stop","nonsyn","syn","stop","nonsyn","C","C","*","W",0,1,1,0,0,0,0
"388",577,100,"a","a","g","g",0,0,0,0,0,0,0,0,0,0,"nonsyn","nonsyn","nonsyn","nonsyn","nonsyn","nonsyn","N","D","H","Y",1,1,1,0,0,0,0
"389",578,100,"a","a","g","g",0,0,0,0,0,0,0,0,0,0,"nonsyn","nonsyn","nonsyn","nonsyn","nonsyn","nonsyn","N","S","T","I",0,0,1,0,0,0,0
"390",579,100,"c","c","t","t",0.01,0.01,0,0,0,0,0,0,0.01,0.01,"syn","nonsyn","nonsyn","syn","nonsyn","nonsyn","N","N","K","K",0,1,1,1,0,0,0
"391",580,100,"a","a","g","g",0,0,0,0,0,0,0,0,0,0,"nonsyn","nonsyn","nonsyn","nonsyn","nonsyn","nonsyn","T","A","P","S",1,1,0,0,0,0,0
"392",581,100,"c","c","t","t",0,0,0,0,0,0,0,0,0,0,"nonsyn","nonsyn","nonsyn","nonsyn","nonsyn","nonsyn","T","I","N","S",1,0,0,0,1,0,1
"393",582,100,"c","c","t","t",0,0,0,0,0,0,0,0,0,0,"syn","syn","syn","syn","syn","syn","T","T","T","T",0,0,0,1,1,1,0
"394",583,100,"a","a","g","g",0,0,0,0,0,0,0,0,0,0,"nonsyn","nonsyn","nonsyn","nonsyn","nonsyn","nonsyn","S","G","R","C",1,1,1,0,0,0,0
"395",584,100,"g","g","a","a",0,0,0,0,0,0,0,0,0,0,"nonsyn","nonsyn","nonsyn","nonsyn","nonsyn","nonsyn","S","N","T","I",0,0,1,0,0,0,0
"396",585,100,"t","t","c","c",0,0,0,0,0,0,0,0,0,0,"syn","nonsyn","nonsyn","syn","nonsyn","nonsyn","S","S","R","R",0,1,1,0,0,0,0
"397",586,100,"a","a","g","g",0,0,0,0,0,0,0,0,0,0,"nonsyn","nonsyn","nonsyn","nonsyn","nonsyn","nonsyn","I","V","L","F",0,0,0,0,0,0,0
"398",587,100,"t","t","c","c",0,0,0,0,0,0,0,0,0,0,"nonsyn","nonsyn","nonsyn","nonsyn","nonsyn","nonsyn","I","T","N","S",1,1,1,0,0,0,0
"399",588,100,"t","t","c","c",0,0,0,0,0,0,0,0,0,0,"syn","syn","nonsyn","syn","syn","nonsyn","I","I","I","M",0,0,0,0,0,0,0
"400",589,100,"a","a","g","g",0,0,0,0,0,0,0,0,0,0,"nonsyn","nonsyn","nonsyn","nonsyn","nonsyn","nonsyn","I","V","L","F",0,0,0,0,0,0,0
"401",590,100,"t","t","c","c",0,0,0,0,0,0,0,0,0,0,"nonsyn","nonsyn","nonsyn","nonsyn","nonsyn","nonsyn","I","T","N","S",1,1,1,0,0,0,0
"402",591,100,"t","t","c","c",0,0,0,0,0,0,0,0,0,0,"syn","syn","nonsyn","syn","syn","nonsyn","I","I","I","M",0,0,0,0,0,0,0
"403",592,100,"c","c","t","t",0,0,0,0,0,0,0,0,0,0,"stop","nonsyn","nonsyn","stop","nonsyn","nonsyn","Q","*","K","E",1,1,1,1,0,0,0
"404",593,100,"a","a","g","g",0,0,0,0,0,0,0,0,0,0,"nonsyn","nonsyn","nonsyn","nonsyn","nonsyn","nonsyn","Q","R","P","L",1,1,1,0,1,1,0
"405",594,100,"a","a","g","g",0,0,0,0,0,0,0,0,0,0,"syn","nonsyn","nonsyn","syn","nonsyn","nonsyn","Q","Q","H","H",0,1,1,0,0,0,0
"406",595,100,"g","g","a","a",0,0,0,0,0,0,0,0,0,0,"nonsyn","nonsyn","stop","nonsyn","nonsyn","stop","E","K","Q","*",1,1,1,0,0,0,0
"407",596,100,"a","a","g","g",0,0,0,0,0,0,0,0,0,0,"nonsyn","nonsyn","nonsyn","nonsyn","nonsyn","nonsyn","E","G","A","V",1,1,1,0,0,0,0
"408",597,100,"a","a","g","g",0,0,0,0,0,0,0,0,0,0,"syn","nonsyn","nonsyn","syn","nonsyn","nonsyn","E","E","D","D",0,0,0,0,0,0,0
"409",598,100,"t","t","c","c",0,0,0,0,0,0,0,0,0,0,"nonsyn","nonsyn","nonsyn","nonsyn","nonsyn","nonsyn","S","P","T","A",1,0,1,0,0,0,0
"410",599,100,"c","c","t","t",0,0,0,0,0,0,0,0,0,0,"nonsyn","nonsyn","nonsyn","nonsyn","nonsyn","nonsyn","S","F","Y","C",1,1,1,0,1,0,1
"411",600,100,"c","c","t","t",0,0,0,0,0,0,0,0,0,0,"syn","syn","syn","syn","syn","syn","S","S","S","S",0,0,0,1,1,0,1
"412",601,100,"t","t","c","c",0,0,0,0,0,0,0,0,0,0,"nonsyn","nonsyn","nonsyn","nonsyn","nonsyn","nonsyn","C","R","S","G",1,1,0,0,0,0,0
"413",602,100,"g","g","a","a",0,0,0,0,0,0,0,0,0,0,"nonsyn","nonsyn","nonsyn","nonsyn","nonsyn","nonsyn","C","Y","S","F",1,1,1,1,0,0,0
"414",603,100,"t","t","c","c",0,0,0,0,0,0,0,0,0,0,"syn","stop","nonsyn","syn","stop","nonsyn","C","C","*","W",0,1,1,0,0,0,0
"415",604,100,"g","g","a","a",0,0,0,0,0,0,0,0,0,0,"nonsyn","nonsyn","nonsyn","nonsyn","nonsyn","nonsyn","D","N","H","Y",1,1,1,0,0,0,0
"416",605,100,"a","a","g","g",0,0,0,0,0,0,0,0,0,0,"nonsyn","nonsyn","nonsyn","nonsyn","nonsyn","nonsyn","D","G","A","V",1,1,1,0,0,0,0
"417",606,100,"c","c","t","t",0.01,0.01,0,0,0,0,0,0,0.01,0.01,"syn","nonsyn","nonsyn","syn","nonsyn","nonsyn","D","D","E","E",0,0,0,1,0,0,0
"418",607,100,"a","a","g","g",0,0,0,0,0,0,0,0,0,0,"nonsyn","nonsyn","stop","nonsyn","nonsyn","stop","K","E","Q","*",1,1,1,0,1,1,0
"419",608,100,"a","a","g","g",0,0,0,0,0,0,0,0,0,0,"nonsyn","nonsyn","nonsyn","nonsyn","nonsyn","nonsyn","K","R","T","M",0,1,1,0,0,0,0
"420",609,100,"g","g","a","a",0,0,0,0,0,0,0,0,0,0,"syn","nonsyn","nonsyn","syn","nonsyn","nonsyn","K","K","N","N",0,1,1,0,0,0,0
"421",610,100,"c","c","t","t",0,0,0,0,0,0,0,0,0,0,"nonsyn","nonsyn","nonsyn","nonsyn","nonsyn","nonsyn","H","Y","N","D",1,1,1,1,0,0,0
"422",611,100,"a","a","g","g",0,0,0,0,0,0,0,0,0,0,"nonsyn","nonsyn","nonsyn","nonsyn","nonsyn","nonsyn","H","R","P","L",0,1,1,0,0,0,0
"423",612,100,"t","t","c","c",0.01,0.01,0,0,0,0,0,0,0.01,0.01,"syn","nonsyn","nonsyn","syn","nonsyn","nonsyn","H","H","Q","Q",0,1,1,0,0,0,0
"424",613,100,"t","t","c","c",0,0,0,0,0,0,0,0,0,0,"nonsyn","nonsyn","nonsyn","nonsyn","nonsyn","nonsyn","Y","H","N","D",1,1,1,0,0,0,0
"425",614,100,"a","a","g","g",0,0,0,0,0,0,0,0,0,0,"nonsyn","nonsyn","nonsyn","nonsyn","nonsyn","nonsyn","Y","C","S","F",1,1,0,0,0,0,0
"426",615,100,"t","t","c","c",0,0,0,0,0,0,0,0,0,0,"syn","stop","stop","syn","stop","stop","Y","Y","*","*",0,1,1,1,0,0,0
"427",616,100,"t","t","c","c",0,0,0,0,0,0,0,0,0,0,"nonsyn","nonsyn","nonsyn","nonsyn","nonsyn","nonsyn","W","R","R","G",1,1,1,0,1,1,0
"428",617,100,"g","g","a","a",0,0,0,0,0,0,0,0,0,0,"stop","nonsyn","nonsyn","stop","nonsyn","nonsyn","W","*","S","L",1,1,0,0,1,1,0
"429",618,100,"g","g","a","a",0,0,0,0,0,0,0,0,0,0,"stop","nonsyn","nonsyn","stop","nonsyn","nonsyn","W","*","C","C",1,1,1,0,0,0,0
"430",619,100,"g","g","a","a",0,0,0,0,0,0,0,0,0,0,"nonsyn","nonsyn","nonsyn","nonsyn","nonsyn","nonsyn","D","N","H","Y",1,1,1,0,0,0,0
"431",620,100,"a","a","g","g",0,0,0,0,0,0,0,0,0,0,"nonsyn","nonsyn","nonsyn","nonsyn","nonsyn","nonsyn","D","G","A","V",1,1,1,1,0,0,0
"432",621,100,"t","t","c","c",0,0,0,0,0,0,0,0,0,0,"syn","nonsyn","nonsyn","syn","nonsyn","nonsyn","D","D","E","E",0,0,0,0,0,0,0
"433",622,100,"g","g","a","a",0,0,0,0,0,0,0,0,0,0,"nonsyn","nonsyn","nonsyn","nonsyn","nonsyn","nonsyn","A","T","P","S",1,1,1,0,0,0,0
"434",623,100,"c","c","t","t",0,0,0,0,0,0,0,0,0,0,"nonsyn","nonsyn","nonsyn","nonsyn","nonsyn","nonsyn","A","V","D","G",0,1,1,0,1,0,1
"435",624,100,"t","t","c","c",0,0,0,0,0,0,0,0,0,0,"syn","syn","syn","syn","syn","syn","A","A","A","A",0,0,0,0,0,0,0
"436",625,100,"a","a","g","g",0,0,0,0,0,0,0,0,0,0,"nonsyn","nonsyn","nonsyn","nonsyn","nonsyn","nonsyn","I","V","L","F",0,0,0,0,0,0,0
"437",626,100,"t","t","c","c",0,0,0,0,0,0,0,0,0,0,"nonsyn","nonsyn","nonsyn","nonsyn","nonsyn","nonsyn","I","T","N","S",1,1,1,0,0,0,0
"438",627,100,"t","t","c","c",0,0,0,0,0,0,0,0,0,0,"syn","syn","nonsyn","syn","syn","nonsyn","I","I","I","M",0,0,0,0,1,1,0
"439",628,100,"a","a","g","g",0,0,0,0,0,0,0,0,0,0,"nonsyn","syn","stop","nonsyn","syn","stop","R","G","R","*",1,0,1,0,0,0,0
"440",629,100,"g","g","a","a",0.01,0.01,0,0,0,0,0,0,0.01,0.01,"nonsyn","nonsyn","nonsyn","nonsyn","nonsyn","nonsyn","R","K","T","I",0,1,1,0,0,0,0
"441",630,100,"a","a","g","g",0,0,0,0,0,0,0,0,0,0,"syn","nonsyn","nonsyn","syn","nonsyn","nonsyn","R","R","S","S",0,1,1,0,0,0,0
"442",631,100,"t","t","c","c",0,0,0,0,0,0,0,0,0,0,"nonsyn","nonsyn","nonsyn","nonsyn","nonsyn","nonsyn","F","L","I","V",0,0,0,0,0,0,0
"443",632,100,"t","t","c","c",0,0,0,0,0,0,0,0,0,0,"nonsyn","nonsyn","nonsyn","nonsyn","nonsyn","nonsyn","F","S","Y","C",1,0,1,0,0,0,0
"444",633,100,"t","t","c","c",0,0,0,0,0,0,0,0,0,0,"syn","nonsyn","nonsyn","syn","nonsyn","nonsyn","F","F","L","L",0,0,0,0,1,1,0
"445",634,100,"a","a","g","g",0,0,0,0,0,0,0,0,0,0,"nonsyn","syn","stop","nonsyn","syn","stop","R","G","R","*",1,0,1,0,0,0,0
"446",635,100,"g","g","a","a",0,0,0,0,0,0,0,0,0,0,"nonsyn","nonsyn","nonsyn","nonsyn","nonsyn","nonsyn","R","K","T","I",0,1,1,0,0,0,0
"447",636,100,"a","a","g","g",0,0,0,0,0,0,0,0,0,0,"syn","nonsyn","nonsyn","syn","nonsyn","nonsyn","R","R","S","S",0,1,1,0,0,0,0
"448",637,100,"t","t","c","c",0,0,0,0,0,0,0,0,0,0,"nonsyn","nonsyn","nonsyn","nonsyn","nonsyn","nonsyn","Y","H","N","D",1,1,1,0,0,0,0
"449",638,100,"a","a","g","g",0,0,0,0,0,0,0,0,0,0,"nonsyn","nonsyn","nonsyn","nonsyn","nonsyn","nonsyn","Y","C","S","F",1,1,0,0,0,0,0
"450",639,100,"t","t","c","c",0,0,0,0,0,0,0,0,0,0,"syn","stop","stop","syn","stop","stop","Y","Y","*","*",0,1,1,1,0,0,0
"451",640,100,"t","t","c","c",0,0,0,0,0,0,0,0,0,0,"nonsyn","nonsyn","nonsyn","nonsyn","nonsyn","nonsyn","C","R","S","G",1,1,0,0,0,0,0
"452",641,100,"g","g","a","a",0,0,0,0,0,0,0,0,0,0,"nonsyn","nonsyn","nonsyn","nonsyn","nonsyn","nonsyn","C","Y","S","F",1,1,1,1,0,0,0
"453",642,100,"t","t","c","c",0,0,0,0,0,0,0,0,0,0,"syn","stop","nonsyn","syn","stop","nonsyn","C","C","*","W",0,1,1,0,0,0,0
"454",643,100,"g","g","a","a",0,0,0,0,0,0,0,0,0,0,"nonsyn","nonsyn","nonsyn","nonsyn","nonsyn","nonsyn","A","T","P","S",1,1,1,0,0,0,0
"455",644,100,"c","c","t","t",0,0,0,0,0,0,0,0,0,0,"nonsyn","nonsyn","nonsyn","nonsyn","nonsyn","nonsyn","A","V","E","G",0,1,1,1,0,0,0
"456",645,100,"a","a","g","g",0,0,0,0,0,0,0,0,0,0,"syn","syn","syn","syn","syn","syn","A","A","A","A",0,0,0,0,0,0,0
"457",646,100,"c","c","t","t",0,0,0,0,0,0,0,0,0,0,"nonsyn","nonsyn","nonsyn","nonsyn","nonsyn","nonsyn","P","S","T","A",1,1,1,0,1,0,1
"458",647,100,"c","c","t","t",0,0,0,0,0,0,0,0,0,0,"nonsyn","nonsyn","nonsyn","nonsyn","nonsyn","nonsyn","P","L","Q","R",1,1,1,0,0,0,0
"459",648,100,"g","g","a","a",0.3,0.3,0,0,0,0,0,0,0.3,0.3,"syn","syn","syn","syn","syn","syn","P","P","P","P",0,0,0,0,0,0,0
"460",649,100,"c","c","t","t",0,0,0,0,0,0,0,0,0,0,"nonsyn","nonsyn","nonsyn","nonsyn","nonsyn","nonsyn","P","S","T","A",1,1,1,0,1,0,1
"461",650,100,"c","c","t","t",0,0,0,0,0,0,0,0,0,0,"nonsyn","nonsyn","nonsyn","nonsyn","nonsyn","nonsyn","P","L","Q","R",1,1,1,1,1,1,0
"462",651,100,"a","a","g","g",0,0,0,0,0,0,0,0,0,0,"syn","syn","syn","syn","syn","syn","P","P","P","P",0,0,0,0,1,1,0
"463",652,100,"g","g","a","a",0,0,0,0,0,0,0,0,0,0,"nonsyn","nonsyn","nonsyn","nonsyn","nonsyn","nonsyn","G","S","R","C",1,1,0,0,0,0,0
"464",653,100,"g","g","a","a",0,0,0,0,0,0,0,0,0,0,"nonsyn","nonsyn","nonsyn","nonsyn","nonsyn","nonsyn","G","D","A","V",1,1,1,0,0,0,0
"465",654,100,"t","t","c","c",0,0,0,0,0,0,0,0,0,0,"syn","syn","syn","syn","syn","syn","G","G","G","G",0,0,0,0,0,0,0
"466",655,100,"t","t","c","c",0,0,0,0,0,0,0,0,0,0,"nonsyn","nonsyn","nonsyn","nonsyn","nonsyn","nonsyn","Y","H","N","D",1,1,1,0,0,0,0
"467",656,100,"a","a","g","g",0.01,0.01,0,0,0,0,0,0,0.01,0.01,"nonsyn","nonsyn","nonsyn","nonsyn","nonsyn","nonsyn","Y","C","S","F",1,1,0,1,0,0,0
"468",657,100,"t","t","c","c",0.14,0.14,0,0,0,0,0,0,0.14,0.14,"syn","stop","stop","syn","stop","stop","Y","Y","*","*",0,1,1,0,0,0,0
"469",658,100,"g","g","a","a",0,0,0,0,0,0,0,0,0,0,"nonsyn","nonsyn","nonsyn","nonsyn","nonsyn","nonsyn","A","T","P","S",1,1,1,0,0,0,0
"470",659,100,"c","c","t","t",0,0,0,0,0,0,0,0,0,0,"nonsyn","nonsyn","nonsyn","nonsyn","nonsyn","nonsyn","A","V","D","G",0,1,1,0,1,0,1
"471",660,100,"t","t","c","c",0.01,0.01,0,0,0,0,0,0,0.01,0.01,"syn","syn","syn","syn","syn","syn","A","A","A","A",0,0,0,0,0,0,0
"472",661,100,"t","t","c","c",0,0,0,0,0,0,0,0,0,0,"syn","nonsyn","nonsyn","syn","nonsyn","nonsyn","L","L","M","V",0,0,0,1,0,0,0
"473",662,100,"t","t","c","c",0,0,0,0,0,0,0,0,0,0,"nonsyn","stop","nonsyn","nonsyn","stop","nonsyn","L","S","*","W",1,1,0,0,0,0,0
"474",663,100,"g","g","a","a",0.01,0.01,0,0,0,0,0,0,0.01,0.01,"syn","nonsyn","nonsyn","syn","nonsyn","nonsyn","L","L","F","F",0,0,0,0,0,0,0
"475",664,100,"c","c","t","t",0,0,0,0,0,0,0,0,0,0,"nonsyn","nonsyn","nonsyn","nonsyn","nonsyn","nonsyn","L","F","I","V",0,0,0,0,1,0,1
"476",665,100,"t","t","c","c",0,0,0,0,0,0,0,0,0,0,"nonsyn","nonsyn","nonsyn","nonsyn","nonsyn","nonsyn","L","P","H","R",1,1,1,0,0,0,0
"477",666,100,"t","t","c","c",0,0,0,0,0,0,0,0,0,0,"syn","syn","syn","syn","syn","syn","L","L","L","L",0,0,0,0,1,1,0
"478",667,100,"a","a","g","g",0,0,0,0,0,0,0,0,0,0,"nonsyn","syn","nonsyn","nonsyn","syn","nonsyn","R","G","R","W",1,0,1,0,1,1,0
"479",668,100,"g","g","a","a",0,0,0,0,0,0,0,0,0,0,"nonsyn","nonsyn","nonsyn","nonsyn","nonsyn","nonsyn","R","K","T","M",0,1,1,0,0,0,0
"480",669,100,"g","g","a","a",0.02,0.02,0,0,0,0,0,0,0.02,0.02,"syn","nonsyn","nonsyn","syn","nonsyn","nonsyn","R","R","S","S",0,1,1,1,0,0,0
"481",670,100,"t","t","c","c",0,0,0,0,0,0,0,0,0,0,"nonsyn","nonsyn","nonsyn","nonsyn","nonsyn","nonsyn","C","R","S","G",1,1,0,0,0,0,0
"482",671,100,"g","g","a","a",0,0,0,0,0,0,0,0,0,0,"nonsyn","nonsyn","nonsyn","nonsyn","nonsyn","nonsyn","C","Y","S","F",1,1,1,0,0,0,0
"483",672,100,"t","t","c","c",0,0,0,0,0,0,0,0,0,0,"syn","stop","nonsyn","syn","stop","nonsyn","C","C","*","W",0,1,1,0,0,0,0
"484",673,100,"a","a","g","g",0,0,0,0,0,0,0,0,0,0,"nonsyn","nonsyn","nonsyn","nonsyn","nonsyn","nonsyn","N","D","H","Y",1,1,1,0,0,0,0
"485",674,100,"a","a","g","g",0,0,0,0,0,0,0,0,0,0,"nonsyn","nonsyn","nonsyn","nonsyn","nonsyn","nonsyn","N","S","T","I",0,0,1,1,0,0,0
"486",675,100,"t","t","c","c",0,0,0,0,0,0,0,0,0,0,"syn","nonsyn","nonsyn","syn","nonsyn","nonsyn","N","N","K","K",0,1,1,0,0,0,0
"487",676,100,"g","g","a","a",0,0,0,0,0,0,0,0,0,0,"nonsyn","nonsyn","nonsyn","nonsyn","nonsyn","nonsyn","D","N","H","Y",1,1,1,0,0,0,0
"488",677,100,"a","a","g","g",0,0,0,0,0,0,0,0,0,0,"nonsyn","nonsyn","nonsyn","nonsyn","nonsyn","nonsyn","D","G","A","V",1,1,1,0,0,0,0
"489",678,100,"t","t","c","c",0,0,0,0,0,0,0,0,0,0,"syn","nonsyn","nonsyn","syn","nonsyn","nonsyn","D","D","E","E",0,0,0,0,0,0,0
"490",679,100,"a","a","g","g",0,0,0,0,0,0,0,0,0,0,"nonsyn","nonsyn","nonsyn","nonsyn","nonsyn","nonsyn","T","A","P","S",1,1,0,0,0,0,0
"491",680,100,"c","c","t","t",0,0,0,0,0,0,0,0,0,0,"nonsyn","nonsyn","nonsyn","nonsyn","nonsyn","nonsyn","T","I","K","R",1,1,1,0,0,0,0
"492",681,100,"a","a","g","g",0,0,0,0,0,0,0,0,0,0,"syn","syn","syn","syn","syn","syn","T","T","T","T",0,0,0,0,0,0,0
