"","pos","TotalReads","MajNt","ref","transition.maj","transition.ref","freq.Ts","freq.Ts.ref","freq.transv","freq.transv.ref","freq.transv1","freq.transv2","freq.transv1.ref","freq.transv2.ref","freq.mutations","freq.mutations.ref","Type","Type.tv1","Type.tv2","Type.r","Type.tv1.r","Type.tv2.r","WTAA","MUTAA","TVS1_AA","TVS2_AA","bigAAChange","bigAAChange.tv1","bigAAChange.tv2","makesCpG","makesCpG.tvs","makesCpG.tv1","makesCpG.tv2"
"1",172,3693,"g","g","a","a",NA,NA,NA,NA,NA,NA,NA,NA,NA,NA,"nonsyn","nonsyn","nonsyn","nonsyn","nonsyn","nonsyn","D","N","H","Y",1,1,1,0,0,0,0
"2",173,3697,"a","a","g","g",NA,NA,NA,NA,NA,NA,NA,NA,NA,NA,"nonsyn","nonsyn","nonsyn","nonsyn","nonsyn","nonsyn","D","G","A","V",1,1,1,1,0,0,0
"3",174,3693,"t","t","c","c",NA,NA,NA,NA,NA,NA,NA,NA,NA,NA,"syn","nonsyn","nonsyn","syn","nonsyn","nonsyn","D","D","E","E",0,0,0,0,0,0,0
"4",175,3691,"g","g","a","a",NA,NA,NA,NA,NA,NA,NA,NA,NA,NA,"nonsyn","nonsyn","nonsyn","nonsyn","nonsyn","nonsyn","A","T","P","S",1,1,1,0,0,0,0
"5",176,3689,"c","c","t","t",NA,NA,NA,NA,NA,NA,NA,NA,NA,NA,"nonsyn","nonsyn","nonsyn","nonsyn","nonsyn","nonsyn","A","V","D","G",0,1,1,0,1,0,1
"6",177,3667,"t","c","c","t",NA,NA,NA,NA,NA,NA,NA,NA,NA,NA,"syn","syn","syn","syn","syn","syn","A","A","A","A",0,0,0,1,0,0,0
"7",178,3671,"t","t","c","c",NA,NA,NA,NA,NA,NA,NA,NA,NA,NA,"nonsyn","nonsyn","nonsyn","nonsyn","nonsyn","nonsyn","W","R","R","G",1,1,1,0,1,1,0
"8",179,3671,"g","g","a","a",NA,NA,NA,NA,NA,NA,NA,NA,NA,NA,"stop","nonsyn","nonsyn","stop","nonsyn","nonsyn","W","*","S","L",1,1,0,0,1,1,0
"9",180,3669,"g","g","a","a",NA,NA,NA,NA,NA,NA,NA,NA,NA,NA,"stop","nonsyn","nonsyn","stop","nonsyn","nonsyn","W","*","C","C",1,1,1,0,0,0,0
"10",181,3662,"g","a","a","g",NA,NA,NA,NA,NA,NA,NA,NA,NA,NA,"nonsyn","nonsyn","stop","nonsyn","nonsyn","stop","E","K","Q","*",1,1,1,0,1,1,0
"11",182,3675,"a","a","g","g",NA,NA,NA,NA,NA,NA,NA,NA,NA,NA,"nonsyn","nonsyn","nonsyn","nonsyn","nonsyn","nonsyn","E","G","A","V",1,1,1,0,0,0,0
"12",183,3681,"g","c","a","t",NA,NA,NA,NA,NA,NA,NA,NA,NA,NA,"syn","nonsyn","nonsyn","nonsyn","nonsyn","nonsyn","E","E","D","D",0,0,0,0,0,0,0
"13",184,3741,"a","a","g","g",NA,NA,NA,NA,NA,NA,NA,NA,NA,NA,"nonsyn","nonsyn","nonsyn","nonsyn","nonsyn","nonsyn","N","D","H","Y",1,1,1,0,0,0,0
"14",185,3747,"a","a","g","g",NA,NA,NA,NA,NA,NA,NA,NA,NA,NA,"nonsyn","nonsyn","nonsyn","nonsyn","nonsyn","nonsyn","N","S","T","I",0,0,1,0,0,0,0
"15",186,3747,"t","t","c","c",NA,NA,NA,NA,NA,NA,NA,NA,NA,NA,"syn","nonsyn","nonsyn","syn","nonsyn","nonsyn","N","N","K","K",0,1,1,0,0,0,0
"16",187,3755,"a","a","g","g",NA,NA,NA,NA,NA,NA,NA,NA,NA,NA,"nonsyn","nonsyn","nonsyn","nonsyn","nonsyn","nonsyn","T","A","P","S",1,1,0,0,0,0,0
"17",188,3755,"c","c","t","t",NA,NA,NA,NA,NA,NA,NA,NA,NA,NA,"nonsyn","nonsyn","nonsyn","nonsyn","nonsyn","nonsyn","T","I","K","R",1,1,1,1,1,1,0
"18",189,3758,"a","a","g","g",NA,NA,NA,NA,NA,NA,NA,NA,NA,NA,"syn","syn","syn","syn","syn","syn","T","T","T","T",0,0,0,0,0,0,0
"19",190,3756,"g","g","a","a",NA,NA,NA,NA,NA,NA,NA,NA,NA,NA,"nonsyn","nonsyn","nonsyn","nonsyn","nonsyn","nonsyn","V","I","L","F",0,0,0,0,0,0,0
"20",191,3757,"t","t","c","c",NA,NA,NA,NA,NA,NA,NA,NA,NA,NA,"nonsyn","nonsyn","nonsyn","nonsyn","nonsyn","nonsyn","V","A","D","G",0,1,1,0,0,0,0
"21",192,3758,"c","c","t","t",NA,NA,NA,NA,NA,NA,NA,NA,NA,NA,"syn","syn","syn","syn","syn","syn","V","V","V","V",0,0,0,1,0,0,0
"22",193,3758,"a","a","g","g",NA,NA,NA,NA,NA,NA,NA,NA,NA,NA,"nonsyn","nonsyn","nonsyn","nonsyn","nonsyn","nonsyn","T","A","P","S",1,1,0,0,0,0,0
"23",194,3759,"c","c","t","t",NA,NA,NA,NA,NA,NA,NA,NA,NA,NA,"nonsyn","nonsyn","nonsyn","nonsyn","nonsyn","nonsyn","T","I","K","R",1,1,1,1,1,1,0
"24",195,3758,"a","a","g","g",NA,NA,NA,NA,NA,NA,NA,NA,NA,NA,"syn","syn","syn","syn","syn","syn","T","T","T","T",0,0,0,0,0,0,0
"25",196,3755,"g","g","a","a",NA,NA,NA,NA,NA,NA,NA,NA,NA,NA,"nonsyn","nonsyn","stop","nonsyn","nonsyn","stop","E","K","Q","*",1,1,1,0,0,0,0
"26",197,3759,"a","a","g","g",NA,NA,NA,NA,NA,NA,NA,NA,NA,NA,"nonsyn","nonsyn","nonsyn","nonsyn","nonsyn","nonsyn","E","G","A","V",1,1,1,0,0,0,0
"27",198,3758,"a","a","g","g",NA,NA,NA,NA,NA,NA,NA,NA,NA,NA,"syn","nonsyn","nonsyn","syn","nonsyn","nonsyn","E","E","D","D",0,0,0,0,0,0,0
"28",199,3757,"c","c","t","t",NA,NA,NA,NA,NA,NA,NA,NA,NA,NA,"stop","nonsyn","nonsyn","stop","nonsyn","nonsyn","Q","*","K","E",1,1,1,1,1,1,0
"29",200,3752,"a","a","g","g",NA,NA,NA,NA,NA,NA,NA,NA,NA,NA,"nonsyn","nonsyn","nonsyn","nonsyn","nonsyn","nonsyn","Q","R","P","L",1,1,1,0,1,1,0
"30",201,3750,"g","g","a","a",NA,NA,NA,NA,NA,NA,NA,NA,NA,NA,"syn","nonsyn","nonsyn","syn","nonsyn","nonsyn","Q","Q","H","H",0,1,1,0,0,0,0
"31",202,3744,"g","g","a","a",NA,NA,NA,NA,NA,NA,NA,NA,NA,NA,"nonsyn","nonsyn","nonsyn","nonsyn","nonsyn","nonsyn","A","T","P","S",1,1,1,0,0,0,0
"32",203,3745,"c","c","t","t",NA,NA,NA,NA,NA,NA,NA,NA,NA,NA,"nonsyn","nonsyn","nonsyn","nonsyn","nonsyn","nonsyn","A","V","E","G",0,1,1,1,0,0,0
"33",204,3740,"a","a","g","g",NA,NA,NA,NA,NA,NA,NA,NA,NA,NA,"syn","syn","syn","syn","syn","syn","A","A","A","A",0,0,0,0,0,0,0
"34",205,3736,"a","a","g","g",NA,NA,NA,NA,NA,NA,NA,NA,NA,NA,"nonsyn","nonsyn","nonsyn","nonsyn","nonsyn","nonsyn","I","V","L","L",0,0,0,0,0,0,0
"35",206,3732,"t","t","c","c",NA,NA,NA,NA,NA,NA,NA,NA,NA,NA,"nonsyn","nonsyn","nonsyn","nonsyn","nonsyn","nonsyn","I","T","K","R",1,1,1,0,1,1,0
"36",207,3723,"a","a","g","g",NA,NA,NA,NA,NA,NA,NA,NA,NA,NA,"nonsyn","syn","syn","nonsyn","syn","syn","I","M","I","I",0,0,0,0,0,0,0
"37",208,3711,"g","g","a","a",NA,NA,NA,NA,NA,NA,NA,NA,NA,NA,"nonsyn","nonsyn","stop","nonsyn","nonsyn","stop","E","K","Q","*",1,1,1,0,1,1,0
"38",209,3703,"a","a","g","g",NA,NA,NA,NA,NA,NA,NA,NA,NA,NA,"nonsyn","nonsyn","nonsyn","nonsyn","nonsyn","nonsyn","E","G","A","V",1,1,1,0,1,1,0
"39",210,3691,"g","g","a","a",NA,NA,NA,NA,NA,NA,NA,NA,NA,NA,"syn","nonsyn","nonsyn","syn","nonsyn","nonsyn","E","E","D","D",0,0,0,0,0,0,0
"40",211,3677,"g","g","a","a",NA,NA,NA,NA,NA,NA,NA,NA,NA,NA,"nonsyn","nonsyn","nonsyn","nonsyn","nonsyn","nonsyn","D","N","H","Y",1,1,1,0,0,0,0
"41",212,3670,"a","a","g","g",NA,NA,NA,NA,NA,NA,NA,NA,NA,NA,"nonsyn","nonsyn","nonsyn","nonsyn","nonsyn","nonsyn","D","G","A","V",1,1,1,1,0,0,0
"42",213,3648,"t","t","c","c",NA,NA,NA,NA,NA,NA,NA,NA,NA,NA,"syn","nonsyn","nonsyn","syn","nonsyn","nonsyn","D","D","E","E",0,0,0,0,0,0,0
"43",214,3642,"g","g","a","a",NA,NA,NA,NA,NA,NA,NA,NA,NA,NA,"nonsyn","nonsyn","nonsyn","nonsyn","nonsyn","nonsyn","V","I","L","L",0,0,0,0,0,0,0
"44",215,3634,"t","t","c","c",NA,NA,NA,NA,NA,NA,NA,NA,NA,NA,"nonsyn","nonsyn","nonsyn","nonsyn","nonsyn","nonsyn","V","A","E","G",0,1,1,0,0,0,0
"45",216,3623,"a","a","g","g",NA,NA,NA,NA,NA,NA,NA,NA,NA,NA,"syn","syn","syn","syn","syn","syn","V","V","V","V",0,0,0,1,0,0,0
"46",217,3620,"t","t","c","c",NA,NA,NA,NA,NA,NA,NA,NA,NA,NA,"nonsyn","nonsyn","nonsyn","nonsyn","nonsyn","nonsyn","W","R","R","G",1,1,1,0,1,1,0
"47",218,3614,"g","g","a","a",NA,NA,NA,NA,NA,NA,NA,NA,NA,NA,"stop","nonsyn","nonsyn","stop","nonsyn","nonsyn","W","*","S","L",1,1,0,0,0,0,0
"48",219,3600,"g","g","a","a",NA,NA,NA,NA,NA,NA,NA,NA,NA,NA,"stop","nonsyn","nonsyn","stop","nonsyn","nonsyn","W","*","C","C",1,1,1,0,0,0,0
"49",220,3565,"c","a","t","g",NA,NA,NA,NA,NA,NA,NA,NA,NA,NA,"stop","nonsyn","nonsyn","stop","nonsyn","nonsyn","Q","*","K","E",1,1,1,1,0,0,0
"50",221,3560,"a","a","g","g",NA,NA,NA,NA,NA,NA,NA,NA,NA,NA,"nonsyn","nonsyn","nonsyn","nonsyn","nonsyn","nonsyn","Q","R","P","L",1,1,1,0,0,0,0
"51",222,3555,"a","t","g","c",NA,NA,NA,NA,NA,NA,NA,NA,NA,NA,"syn","nonsyn","nonsyn","nonsyn","nonsyn","nonsyn","Q","Q","H","H",0,1,1,0,0,0,0
"52",223,3555,"c","c","t","t",NA,NA,NA,NA,NA,NA,NA,NA,NA,NA,"nonsyn","nonsyn","nonsyn","nonsyn","nonsyn","nonsyn","L","F","I","V",0,0,0,0,1,0,1
"53",224,3555,"t","t","c","c",NA,NA,NA,NA,NA,NA,NA,NA,NA,NA,"nonsyn","nonsyn","nonsyn","nonsyn","nonsyn","nonsyn","L","P","H","R",1,1,1,0,0,0,0
"54",225,3555,"c","c","t","t",NA,NA,NA,NA,NA,NA,NA,NA,NA,NA,"syn","syn","syn","syn","syn","syn","L","L","L","L",0,0,0,0,1,0,1
"55",226,3552,"t","t","c","c",NA,NA,NA,NA,NA,NA,NA,NA,NA,NA,"nonsyn","nonsyn","nonsyn","nonsyn","nonsyn","nonsyn","F","L","I","V",0,0,0,0,0,0,0
"56",227,3548,"t","t","c","c",NA,NA,NA,NA,NA,NA,NA,NA,NA,NA,"nonsyn","nonsyn","nonsyn","nonsyn","nonsyn","nonsyn","F","S","Y","C",1,0,1,1,0,0,0
"57",228,3540,"t","t","c","c",NA,NA,NA,NA,NA,NA,NA,NA,NA,NA,"syn","nonsyn","nonsyn","syn","nonsyn","nonsyn","F","F","L","L",0,0,0,0,0,0,0
"58",229,3518,"g","g","a","a",NA,NA,NA,NA,NA,NA,NA,NA,NA,NA,"nonsyn","nonsyn","stop","nonsyn","nonsyn","stop","E","K","Q","*",1,1,1,0,1,1,0
"59",230,3499,"a","a","g","g",NA,NA,NA,NA,NA,NA,NA,NA,NA,NA,"nonsyn","nonsyn","nonsyn","nonsyn","nonsyn","nonsyn","E","G","A","V",1,1,1,0,0,0,0
"60",231,3463,"g","g","a","a",NA,NA,NA,NA,NA,NA,NA,NA,NA,NA,"syn","nonsyn","nonsyn","syn","nonsyn","nonsyn","E","E","D","D",0,0,0,0,0,0,0
"61",232,3456,"a","a","g","g",NA,NA,NA,NA,NA,NA,NA,NA,NA,NA,"nonsyn","nonsyn","nonsyn","nonsyn","nonsyn","nonsyn","T","A","P","S",1,1,0,0,0,0,0
"62",233,3445,"c","c","t","t",NA,NA,NA,NA,NA,NA,NA,NA,NA,NA,"nonsyn","nonsyn","nonsyn","nonsyn","nonsyn","nonsyn","T","I","N","S",1,0,0,0,1,0,1
"63",234,3437,"c","c","t","t",NA,NA,NA,NA,NA,NA,NA,NA,NA,NA,"syn","syn","syn","syn","syn","syn","T","T","T","T",0,0,0,0,1,0,1
"64",235,3394,"t","t","c","c",NA,NA,NA,NA,NA,NA,NA,NA,NA,NA,"nonsyn","nonsyn","nonsyn","nonsyn","nonsyn","nonsyn","S","P","T","A",1,0,1,0,0,0,0
"65",236,3386,"c","c","t","t",NA,NA,NA,NA,NA,NA,NA,NA,NA,NA,"nonsyn","stop","stop","nonsyn","stop","stop","S","L","*","*",1,1,1,1,0,0,0
"66",237,3378,"a","t","g","c",NA,NA,NA,NA,NA,NA,NA,NA,NA,NA,"syn","syn","syn","syn","syn","syn","S","S","S","S",0,0,0,0,0,0,0
"67",238,3356,"a","a","g","g",NA,NA,NA,NA,NA,NA,NA,NA,NA,NA,"nonsyn","nonsyn","nonsyn","nonsyn","nonsyn","nonsyn","I","V","L","L",0,0,0,0,0,0,0
"68",239,3348,"t","t","c","c",NA,NA,NA,NA,NA,NA,NA,NA,NA,NA,"nonsyn","nonsyn","nonsyn","nonsyn","nonsyn","nonsyn","I","T","K","R",1,1,1,0,0,0,0
"69",240,3336,"a","a","g","g",NA,NA,NA,NA,NA,NA,NA,NA,NA,NA,"nonsyn","syn","syn","nonsyn","syn","syn","I","M","I","I",0,0,0,0,0,0,0
"70",241,3328,"a","a","g","g",NA,NA,NA,NA,NA,NA,NA,NA,NA,NA,"nonsyn","nonsyn","stop","nonsyn","nonsyn","stop","K","E","Q","*",1,1,1,0,1,1,0
"71",242,3320,"a","a","g","g",NA,NA,NA,NA,NA,NA,NA,NA,NA,NA,"nonsyn","nonsyn","nonsyn","nonsyn","nonsyn","nonsyn","K","R","T","M",0,1,1,0,0,0,0
"72",243,3232,"g","a","a","g",NA,NA,NA,NA,NA,NA,NA,NA,NA,NA,"syn","nonsyn","nonsyn","syn","nonsyn","nonsyn","K","K","N","N",0,1,1,0,0,0,0
"73",244,3221,"c","c","t","t",NA,NA,NA,NA,NA,NA,NA,NA,NA,NA,"nonsyn","nonsyn","nonsyn","nonsyn","nonsyn","nonsyn","P","S","T","A",1,1,1,0,1,0,1
"74",245,3209,"c","c","t","t",NA,NA,NA,NA,NA,NA,NA,NA,NA,NA,"nonsyn","nonsyn","nonsyn","nonsyn","nonsyn","nonsyn","P","L","H","R",1,1,1,0,1,0,1
"75",246,3197,"t","c","c","t",NA,NA,NA,NA,NA,NA,NA,NA,NA,NA,"syn","syn","syn","syn","syn","syn","P","P","P","P",0,0,0,1,0,0,0
"76",247,3197,"t","t","c","c",NA,NA,NA,NA,NA,NA,NA,NA,NA,NA,"nonsyn","nonsyn","nonsyn","nonsyn","nonsyn","nonsyn","C","R","S","G",1,1,0,0,0,0,0
"77",248,3197,"g","g","a","a",NA,NA,NA,NA,NA,NA,NA,NA,NA,NA,"nonsyn","nonsyn","nonsyn","nonsyn","nonsyn","nonsyn","C","Y","S","F",1,1,1,1,0,0,0
"78",249,3173,"t","t","c","c",NA,NA,NA,NA,NA,NA,NA,NA,NA,NA,"syn","stop","nonsyn","syn","stop","nonsyn","C","C","*","W",0,1,1,0,0,0,0
"79",250,3151,"g","g","a","a",NA,NA,NA,NA,NA,NA,NA,NA,NA,NA,"nonsyn","nonsyn","nonsyn","nonsyn","nonsyn","nonsyn","V","I","L","L",0,0,0,0,0,0,0
"80",251,3130,"t","t","c","c",NA,NA,NA,NA,NA,NA,NA,NA,NA,NA,"nonsyn","nonsyn","nonsyn","nonsyn","nonsyn","nonsyn","V","A","E","G",0,1,1,0,0,0,0
"81",252,3120,"a","a","g","g",NA,NA,NA,NA,NA,NA,NA,NA,NA,NA,"syn","syn","syn","syn","syn","syn","V","V","V","V",0,0,0,0,0,0,0
"82",253,3101,"a","a","g","g",NA,NA,NA,NA,NA,NA,NA,NA,NA,NA,"nonsyn","nonsyn","stop","nonsyn","nonsyn","stop","K","E","Q","*",1,1,1,0,0,0,0
"83",254,3089,"a","a","g","g",NA,NA,NA,NA,NA,NA,NA,NA,NA,NA,"nonsyn","nonsyn","nonsyn","nonsyn","nonsyn","nonsyn","K","R","T","I",0,1,1,0,0,0,0
"84",255,3074,"a","a","g","g",NA,NA,NA,NA,NA,NA,NA,NA,NA,NA,"syn","nonsyn","nonsyn","syn","nonsyn","nonsyn","K","K","N","N",0,1,1,0,0,0,0
"85",256,3065,"t","t","c","c",NA,NA,NA,NA,NA,NA,NA,NA,NA,NA,"syn","nonsyn","nonsyn","syn","nonsyn","nonsyn","L","L","I","V",0,0,0,0,0,0,0
"86",257,3052,"t","t","c","c",NA,NA,NA,NA,NA,NA,NA,NA,NA,NA,"nonsyn","stop","stop","nonsyn","stop","stop","L","S","*","*",1,1,1,0,0,0,0
"87",258,2851,"a","g","g","a",NA,NA,NA,NA,NA,NA,NA,NA,NA,NA,"syn","nonsyn","nonsyn","syn","nonsyn","nonsyn","L","L","F","F",0,0,0,0,0,0,0
"88",259,2819,"t","a","c","g",NA,NA,NA,NA,NA,NA,NA,NA,NA,NA,"nonsyn","nonsyn","nonsyn","nonsyn","syn","nonsyn","S","P","T","A",1,0,1,0,0,0,0
"89",260,2819,"c","c","t","t",NA,NA,NA,NA,NA,NA,NA,NA,NA,NA,"nonsyn","nonsyn","nonsyn","nonsyn","nonsyn","nonsyn","S","F","Y","C",1,1,1,0,1,0,1
"90",261,2819,"c","c","t","t",NA,NA,NA,NA,NA,NA,NA,NA,NA,NA,"syn","syn","syn","nonsyn","nonsyn","nonsyn","S","S","S","S",0,0,0,0,1,0,1
"91",262,2819,"c","c","t","t",NA,NA,NA,NA,NA,NA,NA,NA,NA,NA,"nonsyn","nonsyn","nonsyn","nonsyn","nonsyn","nonsyn","P","S","T","A",1,1,1,0,1,0,1
"92",263,2819,"c","c","t","t",NA,NA,NA,NA,NA,NA,NA,NA,NA,NA,"nonsyn","nonsyn","nonsyn","nonsyn","nonsyn","nonsyn","P","L","Q","R",1,1,1,1,0,0,0
"93",264,2796,"a","c","g","t",NA,NA,NA,NA,NA,NA,NA,NA,NA,NA,"syn","syn","syn","syn","syn","syn","P","P","P","P",0,0,0,0,0,0,0
"94",265,2796,"t","t","c","c",NA,NA,NA,NA,NA,NA,NA,NA,NA,NA,"syn","nonsyn","nonsyn","syn","nonsyn","nonsyn","L","L","I","V",0,0,0,0,0,0,0
"95",266,2796,"t","t","c","c",NA,NA,NA,NA,NA,NA,NA,NA,NA,NA,"nonsyn","stop","stop","nonsyn","stop","stop","L","S","*","*",1,1,1,0,0,0,0
"96",267,2796,"a","a","g","g",NA,NA,NA,NA,NA,NA,NA,NA,NA,NA,"syn","nonsyn","nonsyn","syn","nonsyn","nonsyn","L","L","F","F",0,0,0,1,0,0,0
"97",268,2796,"t","t","c","c",NA,NA,NA,NA,NA,NA,NA,NA,NA,NA,"nonsyn","nonsyn","nonsyn","nonsyn","nonsyn","nonsyn","C","R","S","G",1,1,0,0,0,0,0
"98",269,2749,"g","g","a","a",NA,NA,NA,NA,NA,NA,NA,NA,NA,NA,"nonsyn","nonsyn","nonsyn","nonsyn","nonsyn","nonsyn","C","Y","S","F",1,1,1,0,0,0,0
"99",270,2735,"c","c","t","t",NA,NA,NA,NA,NA,NA,NA,NA,NA,NA,"syn","stop","nonsyn","syn","stop","nonsyn","C","C","*","W",0,1,1,1,0,0,0
"100",271,2723,"a","a","g","g",NA,NA,NA,NA,NA,NA,NA,NA,NA,NA,"nonsyn","nonsyn","nonsyn","nonsyn","nonsyn","nonsyn","I","V","L","F",0,0,0,0,0,0,0
"101",272,2713,"t","t","c","c",NA,NA,NA,NA,NA,NA,NA,NA,NA,NA,"nonsyn","nonsyn","nonsyn","nonsyn","nonsyn","nonsyn","I","T","N","S",1,1,1,0,0,0,0
"102",273,2695,"t","t","c","c",NA,NA,NA,NA,NA,NA,NA,NA,NA,NA,"syn","syn","nonsyn","syn","syn","nonsyn","I","I","I","M",0,0,0,0,0,0,0
"103",274,2657,"a","a","g","g",NA,NA,NA,NA,NA,NA,NA,NA,NA,NA,"nonsyn","nonsyn","nonsyn","nonsyn","nonsyn","nonsyn","T","A","P","S",1,1,0,0,0,0,0
"104",275,2634,"c","c","t","t",NA,NA,NA,NA,NA,NA,NA,NA,NA,NA,"nonsyn","nonsyn","nonsyn","nonsyn","nonsyn","nonsyn","T","I","N","S",1,0,0,0,1,0,1
"105",276,2581,"t","c","c","t",NA,NA,NA,NA,NA,NA,NA,NA,NA,NA,"syn","syn","syn","syn","syn","syn","T","T","T","T",0,0,0,0,0,0,0
"106",277,2547,"a","a","g","g",NA,NA,NA,NA,NA,NA,NA,NA,NA,NA,"nonsyn","nonsyn","nonsyn","nonsyn","nonsyn","nonsyn","M","V","L","L",0,0,0,1,0,0,0
"107",278,2514,"t","t","c","c",NA,NA,NA,NA,NA,NA,NA,NA,NA,NA,"nonsyn","nonsyn","nonsyn","nonsyn","nonsyn","nonsyn","M","T","K","R",1,1,1,0,0,0,0
"108",279,2421,"g","g","a","a",NA,NA,NA,NA,NA,NA,NA,NA,NA,NA,"nonsyn","nonsyn","nonsyn","nonsyn","nonsyn","nonsyn","M","I","I","I",0,0,0,0,1,1,0
"109",280,2382,"a","a","g","g",NA,NA,NA,NA,NA,NA,NA,NA,NA,NA,"nonsyn","syn","stop","nonsyn","syn","stop","R","G","R","*",1,0,1,0,0,0,0
"110",281,2294,"g","g","a","a",NA,NA,NA,NA,NA,NA,NA,NA,NA,NA,"nonsyn","nonsyn","nonsyn","nonsyn","nonsyn","nonsyn","R","K","T","I",0,1,1,0,0,0,0
"111",282,2262,"a","a","g","g",NA,NA,NA,NA,NA,NA,NA,NA,NA,NA,"syn","nonsyn","nonsyn","syn","nonsyn","nonsyn","R","R","S","S",0,1,1,1,0,0,0
"112",283,2238,"t","t","c","c",NA,NA,NA,NA,NA,NA,NA,NA,NA,NA,"nonsyn","nonsyn","nonsyn","nonsyn","nonsyn","nonsyn","C","R","S","G",1,1,0,0,0,0,0
"113",284,2206,"g","g","a","a",NA,NA,NA,NA,NA,NA,NA,NA,NA,NA,"nonsyn","nonsyn","nonsyn","nonsyn","nonsyn","nonsyn","C","Y","S","F",1,1,1,0,0,0,0
"114",285,2190,"c","c","t","t",NA,NA,NA,NA,NA,NA,NA,NA,NA,NA,"syn","stop","nonsyn","syn","stop","nonsyn","C","C","*","W",0,1,1,1,0,0,0
"115",286,2182,"a","a","g","g",NA,NA,NA,NA,NA,NA,NA,NA,NA,NA,"nonsyn","nonsyn","nonsyn","nonsyn","nonsyn","nonsyn","N","D","H","Y",1,1,1,0,0,0,0
"116",287,2152,"a","a","g","g",NA,NA,NA,NA,NA,NA,NA,NA,NA,NA,"nonsyn","nonsyn","nonsyn","nonsyn","nonsyn","nonsyn","N","S","T","I",0,0,1,0,0,0,0
"117",288,2124,"t","t","c","c",NA,NA,NA,NA,NA,NA,NA,NA,NA,NA,"syn","nonsyn","nonsyn","syn","nonsyn","nonsyn","N","N","K","K",0,1,1,0,0,0,0
"118",289,2121,"a","a","g","g",NA,NA,NA,NA,NA,NA,NA,NA,NA,NA,"nonsyn","nonsyn","stop","nonsyn","nonsyn","stop","K","E","Q","*",1,1,1,0,0,0,0
"119",290,2107,"a","a","g","g",NA,NA,NA,NA,NA,NA,NA,NA,NA,NA,"nonsyn","nonsyn","nonsyn","nonsyn","nonsyn","nonsyn","K","R","T","I",0,1,1,0,0,0,0
"120",291,284,"a","g","g","a",NA,NA,NA,NA,NA,NA,NA,NA,NA,NA,"syn","nonsyn","nonsyn","syn","nonsyn","nonsyn","K","K","N","N",0,1,1,0,1,1,0
"121",292,265,"a","a","g","g",NA,NA,NA,NA,NA,NA,NA,NA,NA,NA,"nonsyn","nonsyn","nonsyn","nonsyn","nonsyn","nonsyn","S","G","R","C",1,1,1,0,0,0,0
"122",293,148,"g","c","a","t",NA,NA,NA,NA,NA,NA,NA,NA,NA,NA,"nonsyn","nonsyn","nonsyn","nonsyn","syn","nonsyn","S","N","T","I",0,0,1,1,0,0,0
"123",294,148,"t","a","c","g",NA,NA,NA,NA,NA,NA,NA,NA,NA,NA,"syn","nonsyn","nonsyn","nonsyn","nonsyn","nonsyn","S","S","R","R",0,1,1,0,0,0,0
"124",295,148,"g","g","a","a",NA,NA,NA,NA,NA,NA,NA,NA,NA,NA,"nonsyn","nonsyn","stop","nonsyn","nonsyn","stop","E","K","Q","*",1,1,1,0,1,1,0
"125",296,148,"a","a","g","g",NA,NA,NA,NA,NA,NA,NA,NA,NA,NA,"nonsyn","nonsyn","nonsyn","nonsyn","nonsyn","nonsyn","E","G","A","V",1,1,1,0,0,0,0
"126",297,148,"g","t","a","c",NA,NA,NA,NA,NA,NA,NA,NA,NA,NA,"syn","nonsyn","nonsyn","nonsyn","syn","syn","E","E","D","D",0,0,0,0,0,0,0
"127",298,148,"a","a","g","g",NA,NA,NA,NA,NA,NA,NA,NA,NA,NA,"nonsyn","nonsyn","nonsyn","nonsyn","nonsyn","nonsyn","T","A","P","S",1,1,0,0,0,0,0
"128",299,135,"c","c","t","t",NA,NA,NA,NA,NA,NA,NA,NA,NA,NA,"nonsyn","nonsyn","nonsyn","nonsyn","nonsyn","nonsyn","T","I","K","R",1,1,1,1,1,1,0
"129",300,135,"a","a","g","g",NA,NA,NA,NA,NA,NA,NA,NA,NA,NA,"syn","syn","syn","syn","syn","syn","T","T","T","T",0,0,0,0,0,0,0
"130",301,135,"g","g","a","a",NA,NA,NA,NA,NA,NA,NA,NA,NA,NA,"nonsyn","nonsyn","nonsyn","nonsyn","nonsyn","nonsyn","D","N","H","Y",1,1,1,0,0,0,0
"131",302,135,"a","a","g","g",NA,NA,NA,NA,NA,NA,NA,NA,NA,NA,"nonsyn","nonsyn","nonsyn","nonsyn","nonsyn","nonsyn","D","G","A","V",1,1,1,0,0,0,0
"132",303,135,"t","t","c","c",NA,NA,NA,NA,NA,NA,NA,NA,NA,NA,"syn","nonsyn","nonsyn","syn","nonsyn","nonsyn","D","D","E","E",0,0,0,0,0,0,0
"133",304,135,"a","a","g","g",NA,NA,NA,NA,NA,NA,NA,NA,NA,NA,"nonsyn","nonsyn","stop","nonsyn","nonsyn","stop","K","E","Q","*",1,1,1,0,0,0,0
"134",305,134,"a","g","g","a",NA,NA,NA,NA,NA,NA,NA,NA,NA,NA,"nonsyn","nonsyn","nonsyn","syn","nonsyn","nonsyn","K","R","T","I",0,1,1,0,0,0,0
"135",306,134,"a","a","g","g",NA,NA,NA,NA,NA,NA,NA,NA,NA,NA,"syn","nonsyn","nonsyn","nonsyn","nonsyn","nonsyn","K","K","N","N",0,1,1,1,0,0,0
"136",307,134,"t","t","c","c",NA,NA,NA,NA,NA,NA,NA,NA,NA,NA,"nonsyn","nonsyn","nonsyn","nonsyn","nonsyn","nonsyn","W","R","R","G",1,1,1,0,1,1,0
"137",308,134,"g","g","a","a",NA,NA,NA,NA,NA,NA,NA,NA,NA,NA,"stop","nonsyn","nonsyn","stop","nonsyn","nonsyn","W","*","S","L",1,1,0,0,1,1,0
"138",309,134,"g","g","a","a",NA,NA,NA,NA,NA,NA,NA,NA,NA,NA,"stop","nonsyn","nonsyn","stop","nonsyn","nonsyn","W","*","C","C",1,1,1,0,1,1,0
"139",310,133,"g","g","a","a",NA,NA,NA,NA,NA,NA,NA,NA,NA,NA,"nonsyn","nonsyn","stop","nonsyn","nonsyn","stop","G","R","R","*",1,1,1,0,0,0,0
"140",311,128,"g","g","a","a",NA,NA,NA,NA,NA,NA,NA,NA,NA,NA,"nonsyn","nonsyn","nonsyn","nonsyn","nonsyn","nonsyn","G","E","A","V",1,1,1,0,0,0,0
"141",312,4,"a","g","g","a",NA,NA,NA,NA,NA,NA,NA,NA,NA,NA,"syn","syn","syn","syn","syn","syn","G","G","G","G",0,0,0,0,0,0,0
"142",313,1,"t","t","c","c",NA,NA,NA,NA,NA,NA,NA,NA,NA,NA,"NA","NA","NA","nonsyn","nonsyn","nonsyn","NA","NA","NA","NA",0,0,0,0,0,0,0
"143",314,1,"t","t","c","c",NA,NA,NA,NA,NA,NA,NA,NA,NA,NA,"NA","NA","NA","nonsyn","nonsyn","nonsyn","NA","NA","NA","NA",0,0,0,0,0,0,0
"144",315,NA,NA,"a",NA,"g",NA,NA,NA,NA,NA,NA,NA,NA,NA,NA,"NA","NA","NA","nonsyn","nonsyn","nonsyn","NA","NA","NA","NA",0,0,0,0,0,0,0
"145",316,NA,NA,"a",NA,"g",NA,NA,NA,NA,NA,NA,NA,NA,NA,NA,"NA","NA","NA","nonsyn","nonsyn","nonsyn","NA","NA","NA","NA",0,0,0,0,0,0,0
"146",317,NA,NA,"c",NA,"t",NA,NA,NA,NA,NA,NA,NA,NA,NA,NA,"NA","NA","NA","nonsyn","nonsyn","nonsyn","NA","NA","NA","NA",0,0,0,0,0,0,0
"147",318,NA,NA,"a",NA,"g",NA,NA,NA,NA,NA,NA,NA,NA,NA,NA,"NA","NA","NA","nonsyn","nonsyn","nonsyn","NA","NA","NA","NA",0,0,0,0,0,0,0
"148",319,NA,NA,"g",NA,"a",NA,NA,NA,NA,NA,NA,NA,NA,NA,NA,"NA","NA","NA","nonsyn","nonsyn","nonsyn","NA","NA","NA","NA",0,0,0,0,0,0,0
"149",320,NA,NA,"g",NA,"a",NA,NA,NA,NA,NA,NA,NA,NA,NA,NA,"NA","NA","NA","nonsyn","nonsyn","nonsyn","NA","NA","NA","NA",0,0,0,0,0,0,0
"150",321,NA,NA,"g",NA,"a",NA,NA,NA,NA,NA,NA,NA,NA,NA,NA,"NA","NA","NA","nonsyn","nonsyn","nonsyn","NA","NA","NA","NA",0,0,0,0,0,0,0
"151",322,NA,NA,"a",NA,"g",NA,NA,NA,NA,NA,NA,NA,NA,NA,NA,"NA","NA","NA","nonsyn","nonsyn","nonsyn","NA","NA","NA","NA",0,0,0,0,0,0,0
"152",323,NA,NA,"a",NA,"g",NA,NA,NA,NA,NA,NA,NA,NA,NA,NA,"NA","NA","NA","nonsyn","nonsyn","nonsyn","NA","NA","NA","NA",0,0,0,0,0,0,0
"153",324,NA,NA,"t",NA,"c",NA,NA,NA,NA,NA,NA,NA,NA,NA,NA,"NA","NA","NA","nonsyn","nonsyn","nonsyn","NA","NA","NA","NA",0,0,0,0,0,0,0
"154",325,NA,NA,"g",NA,"a",NA,NA,NA,NA,NA,NA,NA,NA,NA,NA,"NA","NA","NA","nonsyn","nonsyn","nonsyn","NA","NA","NA","NA",0,0,0,0,0,0,0
"155",326,NA,NA,"t",NA,"c",NA,NA,NA,NA,NA,NA,NA,NA,NA,NA,"NA","NA","NA","nonsyn","nonsyn","nonsyn","NA","NA","NA","NA",0,0,0,0,0,0,0
"156",327,NA,NA,"a",NA,"g",NA,NA,NA,NA,NA,NA,NA,NA,NA,NA,"NA","NA","NA","nonsyn","nonsyn","nonsyn","NA","NA","NA","NA",0,0,0,0,0,0,0
"157",328,NA,NA,"c",NA,"t",NA,NA,NA,NA,NA,NA,NA,NA,NA,NA,"NA","NA","NA","nonsyn","nonsyn","nonsyn","NA","NA","NA","NA",0,0,0,0,0,0,0
"158",329,NA,NA,"c",NA,"t",NA,NA,NA,NA,NA,NA,NA,NA,NA,NA,"NA","NA","NA","nonsyn","nonsyn","nonsyn","NA","NA","NA","NA",0,0,0,0,0,0,0
"159",330,NA,NA,"a",NA,"g",NA,NA,NA,NA,NA,NA,NA,NA,NA,NA,"NA","NA","NA","nonsyn","nonsyn","nonsyn","NA","NA","NA","NA",0,0,0,0,0,0,0
"160",331,NA,NA,"a",NA,"g",NA,NA,NA,NA,NA,NA,NA,NA,NA,NA,"NA","NA","NA","nonsyn","nonsyn","nonsyn","NA","NA","NA","NA",0,0,0,0,0,0,0
"161",332,NA,NA,"c",NA,"t",NA,NA,NA,NA,NA,NA,NA,NA,NA,NA,"NA","NA","NA","nonsyn","nonsyn","nonsyn","NA","NA","NA","NA",0,0,0,0,0,0,0
"162",333,NA,NA,"a",NA,"g",NA,NA,NA,NA,NA,NA,NA,NA,NA,NA,"NA","NA","NA","nonsyn","nonsyn","nonsyn","NA","NA","NA","NA",0,0,0,0,0,0,0
"163",334,NA,NA,"a",NA,"g",NA,NA,NA,NA,NA,NA,NA,NA,NA,NA,"NA","NA","NA","nonsyn","nonsyn","nonsyn","NA","NA","NA","NA",0,0,0,0,0,0,0
"164",335,NA,NA,"c",NA,"t",NA,NA,NA,NA,NA,NA,NA,NA,NA,NA,"NA","NA","NA","nonsyn","nonsyn","nonsyn","NA","NA","NA","NA",0,0,0,0,0,0,0
"165",336,NA,NA,"a",NA,"g",NA,NA,NA,NA,NA,NA,NA,NA,NA,NA,"NA","NA","NA","nonsyn","nonsyn","nonsyn","NA","NA","NA","NA",0,0,0,0,0,0,0
"166",337,NA,NA,"a",NA,"g",NA,NA,NA,NA,NA,NA,NA,NA,NA,NA,"NA","NA","NA","nonsyn","nonsyn","nonsyn","NA","NA","NA","NA",0,0,0,0,0,0,0
"167",338,NA,NA,"c",NA,"t",NA,NA,NA,NA,NA,NA,NA,NA,NA,NA,"NA","NA","NA","nonsyn","nonsyn","nonsyn","NA","NA","NA","NA",0,0,0,0,0,0,0
"168",339,NA,NA,"a",NA,"g",NA,NA,NA,NA,NA,NA,NA,NA,NA,NA,"NA","NA","NA","nonsyn","nonsyn","nonsyn","NA","NA","NA","NA",0,0,0,0,0,0,0
"169",340,NA,NA,"g",NA,"a",NA,NA,NA,NA,NA,NA,NA,NA,NA,NA,"NA","NA","NA","nonsyn","nonsyn","nonsyn","NA","NA","NA","NA",0,0,0,0,0,0,0
"170",341,NA,NA,"c",NA,"t",NA,NA,NA,NA,NA,NA,NA,NA,NA,NA,"NA","NA","NA","nonsyn","nonsyn","nonsyn","NA","NA","NA","NA",0,0,0,0,0,0,0
"171",342,NA,NA,"a",NA,"g",NA,NA,NA,NA,NA,NA,NA,NA,NA,NA,"NA","NA","NA","nonsyn","nonsyn","nonsyn","NA","NA","NA","NA",0,0,0,0,0,0,0
"172",343,NA,NA,"a",NA,"g",NA,NA,NA,NA,NA,NA,NA,NA,NA,NA,"NA","NA","NA","nonsyn","nonsyn","nonsyn","NA","NA","NA","NA",0,0,0,0,0,0,0
"173",344,NA,NA,"c",NA,"t",NA,NA,NA,NA,NA,NA,NA,NA,NA,NA,"NA","NA","NA","nonsyn","nonsyn","nonsyn","NA","NA","NA","NA",0,0,0,0,0,0,0
"174",345,NA,NA,"a",NA,"g",NA,NA,NA,NA,NA,NA,NA,NA,NA,NA,"NA","NA","NA","nonsyn","nonsyn","nonsyn","NA","NA","NA","NA",0,0,0,0,0,0,0
"175",346,NA,NA,"a",NA,"g",NA,NA,NA,NA,NA,NA,NA,NA,NA,NA,"NA","NA","NA","nonsyn","nonsyn","nonsyn","NA","NA","NA","NA",0,0,0,0,0,0,0
"176",347,NA,NA,"c",NA,"t",NA,NA,NA,NA,NA,NA,NA,NA,NA,NA,"NA","NA","NA","nonsyn","nonsyn","nonsyn","NA","NA","NA","NA",0,0,0,0,0,0,0
"177",348,NA,NA,"a",NA,"g",NA,NA,NA,NA,NA,NA,NA,NA,NA,NA,"NA","NA","NA","nonsyn","nonsyn","nonsyn","NA","NA","NA","NA",0,0,0,0,0,0,0
"178",349,NA,NA,"t",NA,"c",NA,NA,NA,NA,NA,NA,NA,NA,NA,NA,"NA","NA","NA","nonsyn","nonsyn","nonsyn","NA","NA","NA","NA",0,0,0,0,0,0,0
"179",350,NA,NA,"c",NA,"t",NA,NA,NA,NA,NA,NA,NA,NA,NA,NA,"NA","NA","NA","nonsyn","nonsyn","nonsyn","NA","NA","NA","NA",0,0,0,0,0,0,0
"180",351,NA,NA,"a",NA,"g",NA,NA,NA,NA,NA,NA,NA,NA,NA,NA,"NA","NA","NA","nonsyn","nonsyn","nonsyn","NA","NA","NA","NA",0,0,0,0,0,0,0
"181",352,NA,NA,"a",NA,"g",NA,NA,NA,NA,NA,NA,NA,NA,NA,NA,"NA","NA","NA","nonsyn","nonsyn","nonsyn","NA","NA","NA","NA",0,0,0,0,0,0,0
"182",353,NA,NA,"c",NA,"t",NA,NA,NA,NA,NA,NA,NA,NA,NA,NA,"NA","NA","NA","nonsyn","nonsyn","nonsyn","NA","NA","NA","NA",0,0,0,0,0,0,0
"183",354,NA,NA,"a",NA,"g",NA,NA,NA,NA,NA,NA,NA,NA,NA,NA,"NA","NA","NA","nonsyn","nonsyn","nonsyn","NA","NA","NA","NA",0,0,0,0,0,0,0
"184",355,NA,NA,"a",NA,"g",NA,NA,NA,NA,NA,NA,NA,NA,NA,NA,"NA","NA","NA","nonsyn","nonsyn","nonsyn","NA","NA","NA","NA",0,0,0,0,0,0,0
"185",356,NA,NA,"c",NA,"t",NA,NA,NA,NA,NA,NA,NA,NA,NA,NA,"NA","NA","NA","nonsyn","nonsyn","nonsyn","NA","NA","NA","NA",0,0,0,0,0,0,0
"186",357,NA,NA,"a",NA,"g",NA,NA,NA,NA,NA,NA,NA,NA,NA,NA,"NA","NA","NA","nonsyn","nonsyn","nonsyn","NA","NA","NA","NA",0,0,0,0,0,0,0
"187",358,NA,NA,"a",NA,"g",NA,NA,NA,NA,NA,NA,NA,NA,NA,NA,"NA","NA","NA","nonsyn","nonsyn","nonsyn","NA","NA","NA","NA",0,0,0,0,0,0,0
"188",359,NA,NA,"c",NA,"t",NA,NA,NA,NA,NA,NA,NA,NA,NA,NA,"NA","NA","NA","nonsyn","nonsyn","nonsyn","NA","NA","NA","NA",0,0,0,0,0,0,0
"189",360,NA,NA,"a",NA,"g",NA,NA,NA,NA,NA,NA,NA,NA,NA,NA,"NA","NA","NA","nonsyn","nonsyn","nonsyn","NA","NA","NA","NA",0,0,0,0,0,0,0
"190",361,NA,NA,"c",NA,"t",NA,NA,NA,NA,NA,NA,NA,NA,NA,NA,"NA","NA","NA","nonsyn","nonsyn","nonsyn","NA","NA","NA","NA",0,0,0,0,0,0,0
"191",362,NA,NA,"c",NA,"t",NA,NA,NA,NA,NA,NA,NA,NA,NA,NA,"NA","NA","NA","nonsyn","nonsyn","nonsyn","NA","NA","NA","NA",0,0,0,0,0,0,0
"192",363,NA,NA,"a",NA,"g",NA,NA,NA,NA,NA,NA,NA,NA,NA,NA,"NA","NA","NA","nonsyn","nonsyn","nonsyn","NA","NA","NA","NA",0,0,0,0,0,0,0
"193",364,NA,NA,"a",NA,"g",NA,NA,NA,NA,NA,NA,NA,NA,NA,NA,"NA","NA","NA","nonsyn","nonsyn","nonsyn","NA","NA","NA","NA",0,0,0,0,0,0,0
"194",365,NA,NA,"a",NA,"g",NA,NA,NA,NA,NA,NA,NA,NA,NA,NA,"NA","NA","NA","nonsyn","nonsyn","nonsyn","NA","NA","NA","NA",0,0,0,0,0,0,0
"195",366,NA,NA,"a",NA,"g",NA,NA,NA,NA,NA,NA,NA,NA,NA,NA,"NA","NA","NA","nonsyn","nonsyn","nonsyn","NA","NA","NA","NA",0,0,0,0,0,0,0
"196",367,NA,NA,"g",NA,"a",NA,NA,NA,NA,NA,NA,NA,NA,NA,NA,"NA","NA","NA","nonsyn","nonsyn","nonsyn","NA","NA","NA","NA",0,0,0,0,0,0,0
"197",368,NA,NA,"a",NA,"g",NA,NA,NA,NA,NA,NA,NA,NA,NA,NA,"NA","NA","NA","nonsyn","nonsyn","nonsyn","NA","NA","NA","NA",0,0,0,0,0,0,0
"198",369,NA,NA,"a",NA,"g",NA,NA,NA,NA,NA,NA,NA,NA,NA,NA,"NA","NA","NA","nonsyn","nonsyn","nonsyn","NA","NA","NA","NA",0,0,0,0,0,0,0
"199",370,NA,NA,"a",NA,"g",NA,NA,NA,NA,NA,NA,NA,NA,NA,NA,"NA","NA","NA","nonsyn","nonsyn","nonsyn","NA","NA","NA","NA",0,0,0,0,0,0,0
"200",371,NA,NA,"c",NA,"t",NA,NA,NA,NA,NA,NA,NA,NA,NA,NA,"NA","NA","NA","nonsyn","nonsyn","nonsyn","NA","NA","NA","NA",0,0,0,0,0,0,0
"201",372,NA,NA,"a",NA,"g",NA,NA,NA,NA,NA,NA,NA,NA,NA,NA,"NA","NA","NA","nonsyn","nonsyn","nonsyn","NA","NA","NA","NA",0,0,0,0,0,0,0
"202",373,NA,NA,"a",NA,"g",NA,NA,NA,NA,NA,NA,NA,NA,NA,NA,"NA","NA","NA","nonsyn","nonsyn","nonsyn","NA","NA","NA","NA",0,0,0,0,0,0,0
"203",374,NA,NA,"a",NA,"g",NA,NA,NA,NA,NA,NA,NA,NA,NA,NA,"NA","NA","NA","nonsyn","nonsyn","nonsyn","NA","NA","NA","NA",0,0,0,0,0,0,0
"204",375,NA,NA,"t",NA,"c",NA,NA,NA,NA,NA,NA,NA,NA,NA,NA,"NA","NA","NA","nonsyn","nonsyn","nonsyn","NA","NA","NA","NA",0,0,0,0,0,0,0
"205",376,NA,NA,"g",NA,"a",NA,NA,NA,NA,NA,NA,NA,NA,NA,NA,"NA","NA","NA","nonsyn","nonsyn","nonsyn","NA","NA","NA","NA",0,0,0,0,0,0,0
"206",377,NA,NA,"t",NA,"c",NA,NA,NA,NA,NA,NA,NA,NA,NA,NA,"NA","NA","NA","nonsyn","nonsyn","nonsyn","NA","NA","NA","NA",0,0,0,0,0,0,0
"207",378,NA,NA,"t",NA,"c",NA,NA,NA,NA,NA,NA,NA,NA,NA,NA,"NA","NA","NA","nonsyn","nonsyn","nonsyn","NA","NA","NA","NA",0,0,0,0,0,0,0
"208",379,NA,NA,"g",NA,"a",NA,NA,NA,NA,NA,NA,NA,NA,NA,NA,"NA","NA","NA","nonsyn","nonsyn","nonsyn","NA","NA","NA","NA",0,0,0,0,0,0,0
"209",380,NA,NA,"t",NA,"c",NA,NA,NA,NA,NA,NA,NA,NA,NA,NA,"NA","NA","NA","nonsyn","nonsyn","nonsyn","NA","NA","NA","NA",0,0,0,0,0,0,0
"210",381,NA,NA,"a",NA,"g",NA,NA,NA,NA,NA,NA,NA,NA,NA,NA,"NA","NA","NA","nonsyn","nonsyn","nonsyn","NA","NA","NA","NA",0,0,0,0,0,0,0
"211",382,NA,NA,"a",NA,"g",NA,NA,NA,NA,NA,NA,NA,NA,NA,NA,"NA","NA","NA","nonsyn","nonsyn","nonsyn","NA","NA","NA","NA",0,0,0,0,0,0,0
"212",383,NA,NA,"a",NA,"g",NA,NA,NA,NA,NA,NA,NA,NA,NA,NA,"NA","NA","NA","nonsyn","nonsyn","nonsyn","NA","NA","NA","NA",0,0,0,0,0,0,0
"213",384,NA,NA,"t",NA,"c",NA,NA,NA,NA,NA,NA,NA,NA,NA,NA,"NA","NA","NA","nonsyn","nonsyn","nonsyn","NA","NA","NA","NA",0,0,0,0,0,0,0
"214",385,NA,NA,"g",NA,"a",NA,NA,NA,NA,NA,NA,NA,NA,NA,NA,"NA","NA","NA","nonsyn","nonsyn","nonsyn","NA","NA","NA","NA",0,0,0,0,0,0,0
"215",386,NA,NA,"a",NA,"g",NA,NA,NA,NA,NA,NA,NA,NA,NA,NA,"NA","NA","NA","nonsyn","nonsyn","nonsyn","NA","NA","NA","NA",0,0,0,0,0,0,0
"216",387,NA,NA,"a",NA,"g",NA,NA,NA,NA,NA,NA,NA,NA,NA,NA,"NA","NA","NA","nonsyn","nonsyn","nonsyn","NA","NA","NA","NA",0,0,0,0,0,0,0
"217",388,NA,NA,"a",NA,"g",NA,NA,NA,NA,NA,NA,NA,NA,NA,NA,"NA","NA","NA","nonsyn","nonsyn","nonsyn","NA","NA","NA","NA",0,0,0,0,0,0,0
"218",389,NA,NA,"c",NA,"t",NA,NA,NA,NA,NA,NA,NA,NA,NA,NA,"NA","NA","NA","nonsyn","nonsyn","nonsyn","NA","NA","NA","NA",0,0,0,0,0,0,0
"219",390,NA,NA,"t",NA,"c",NA,NA,NA,NA,NA,NA,NA,NA,NA,NA,"NA","NA","NA","nonsyn","nonsyn","nonsyn","NA","NA","NA","NA",0,0,0,0,0,0,0
"220",391,NA,NA,"a",NA,"g",NA,NA,NA,NA,NA,NA,NA,NA,NA,NA,"NA","NA","NA","nonsyn","nonsyn","nonsyn","NA","NA","NA","NA",0,0,0,0,0,0,0
"221",392,NA,NA,"g",NA,"a",NA,NA,NA,NA,NA,NA,NA,NA,NA,NA,"NA","NA","NA","nonsyn","nonsyn","nonsyn","NA","NA","NA","NA",0,0,0,0,0,0,0
"222",393,NA,NA,"t",NA,"c",NA,NA,NA,NA,NA,NA,NA,NA,NA,NA,"NA","NA","NA","nonsyn","nonsyn","nonsyn","NA","NA","NA","NA",0,0,0,0,0,0,0
"223",394,NA,NA,"t",NA,"c",NA,NA,NA,NA,NA,NA,NA,NA,NA,NA,"NA","NA","NA","nonsyn","nonsyn","nonsyn","NA","NA","NA","NA",0,0,0,0,0,0,0
"224",395,NA,NA,"c",NA,"t",NA,NA,NA,NA,NA,NA,NA,NA,NA,NA,"NA","NA","NA","nonsyn","nonsyn","nonsyn","NA","NA","NA","NA",0,0,0,0,0,0,0
"225",396,NA,NA,"t",NA,"c",NA,NA,NA,NA,NA,NA,NA,NA,NA,NA,"NA","NA","NA","nonsyn","nonsyn","nonsyn","NA","NA","NA","NA",0,0,0,0,0,0,0
"226",397,NA,NA,"t",NA,"c",NA,NA,NA,NA,NA,NA,NA,NA,NA,NA,"NA","NA","NA","nonsyn","nonsyn","nonsyn","NA","NA","NA","NA",0,0,0,0,0,0,0
"227",398,NA,NA,"g",NA,"a",NA,NA,NA,NA,NA,NA,NA,NA,NA,NA,"NA","NA","NA","nonsyn","nonsyn","nonsyn","NA","NA","NA","NA",0,0,0,0,0,0,0
"228",399,NA,NA,"t",NA,"c",NA,NA,NA,NA,NA,NA,NA,NA,NA,NA,"NA","NA","NA","nonsyn","nonsyn","nonsyn","NA","NA","NA","NA",0,0,0,0,0,0,0
"229",400,NA,NA,"g",NA,"a",NA,NA,NA,NA,NA,NA,NA,NA,NA,NA,"NA","NA","NA","nonsyn","nonsyn","nonsyn","NA","NA","NA","NA",0,0,0,0,0,0,0
"230",401,NA,NA,"t",NA,"c",NA,NA,NA,NA,NA,NA,NA,NA,NA,NA,"NA","NA","NA","nonsyn","nonsyn","nonsyn","NA","NA","NA","NA",0,0,0,0,0,0,0
"231",402,NA,NA,"a",NA,"g",NA,NA,NA,NA,NA,NA,NA,NA,NA,NA,"NA","NA","NA","nonsyn","nonsyn","nonsyn","NA","NA","NA","NA",0,0,0,0,0,0,0
"232",403,NA,NA,"a",NA,"g",NA,NA,NA,NA,NA,NA,NA,NA,NA,NA,"NA","NA","NA","nonsyn","nonsyn","nonsyn","NA","NA","NA","NA",0,0,0,0,0,0,0
"233",404,NA,NA,"a",NA,"g",NA,NA,NA,NA,NA,NA,NA,NA,NA,NA,"NA","NA","NA","nonsyn","nonsyn","nonsyn","NA","NA","NA","NA",0,0,0,0,0,0,0
"234",405,NA,NA,"a",NA,"g",NA,NA,NA,NA,NA,NA,NA,NA,NA,NA,"NA","NA","NA","nonsyn","nonsyn","nonsyn","NA","NA","NA","NA",0,0,0,0,0,0,0
"235",406,NA,NA,"a",NA,"g",NA,NA,NA,NA,NA,NA,NA,NA,NA,NA,"NA","NA","NA","nonsyn","nonsyn","nonsyn","NA","NA","NA","NA",0,0,0,0,0,0,0
"236",407,NA,NA,"a",NA,"g",NA,NA,NA,NA,NA,NA,NA,NA,NA,NA,"NA","NA","NA","nonsyn","nonsyn","nonsyn","NA","NA","NA","NA",0,0,0,0,0,0,0
"237",408,NA,NA,"c",NA,"t",NA,NA,NA,NA,NA,NA,NA,NA,NA,NA,"NA","NA","NA","nonsyn","nonsyn","nonsyn","NA","NA","NA","NA",0,0,0,0,0,0,0
"238",409,NA,NA,"a",NA,"g",NA,NA,NA,NA,NA,NA,NA,NA,NA,NA,"NA","NA","NA","nonsyn","nonsyn","nonsyn","NA","NA","NA","NA",0,0,0,0,0,0,0
"239",410,NA,NA,"a",NA,"g",NA,NA,NA,NA,NA,NA,NA,NA,NA,NA,"NA","NA","NA","nonsyn","nonsyn","nonsyn","NA","NA","NA","NA",0,0,0,0,0,0,0
"240",411,NA,NA,"t",NA,"c",NA,NA,NA,NA,NA,NA,NA,NA,NA,NA,"NA","NA","NA","nonsyn","nonsyn","nonsyn","NA","NA","NA","NA",0,0,0,0,0,0,0
"241",412,NA,NA,"a",NA,"g",NA,NA,NA,NA,NA,NA,NA,NA,NA,NA,"NA","NA","NA","nonsyn","nonsyn","nonsyn","NA","NA","NA","NA",0,0,0,0,0,0,0
"242",413,NA,NA,"a",NA,"g",NA,NA,NA,NA,NA,NA,NA,NA,NA,NA,"NA","NA","NA","nonsyn","nonsyn","nonsyn","NA","NA","NA","NA",0,0,0,0,0,0,0
"243",414,NA,NA,"t",NA,"c",NA,NA,NA,NA,NA,NA,NA,NA,NA,NA,"NA","NA","NA","nonsyn","nonsyn","nonsyn","NA","NA","NA","NA",0,0,0,0,0,0,0
"244",415,NA,NA,"t",NA,"c",NA,NA,NA,NA,NA,NA,NA,NA,NA,NA,"NA","NA","NA","nonsyn","nonsyn","nonsyn","NA","NA","NA","NA",0,0,0,0,0,0,0
"245",416,NA,NA,"g",NA,"a",NA,NA,NA,NA,NA,NA,NA,NA,NA,NA,"NA","NA","NA","nonsyn","nonsyn","nonsyn","NA","NA","NA","NA",0,0,0,0,0,0,0
"246",417,NA,NA,"t",NA,"c",NA,NA,NA,NA,NA,NA,NA,NA,NA,NA,"NA","NA","NA","nonsyn","nonsyn","nonsyn","NA","NA","NA","NA",0,0,0,0,0,0,0
"247",418,NA,NA,"a",NA,"g",NA,NA,NA,NA,NA,NA,NA,NA,NA,NA,"NA","NA","NA","nonsyn","nonsyn","nonsyn","NA","NA","NA","NA",0,0,0,0,0,0,0
"248",419,NA,NA,"c",NA,"t",NA,NA,NA,NA,NA,NA,NA,NA,NA,NA,"NA","NA","NA","nonsyn","nonsyn","nonsyn","NA","NA","NA","NA",0,0,0,0,0,0,0
"249",420,NA,NA,"a",NA,"g",NA,NA,NA,NA,NA,NA,NA,NA,NA,NA,"NA","NA","NA","nonsyn","nonsyn","nonsyn","NA","NA","NA","NA",0,0,0,0,0,0,0
"250",421,NA,NA,"g",NA,"a",NA,NA,NA,NA,NA,NA,NA,NA,NA,NA,"NA","NA","NA","nonsyn","nonsyn","nonsyn","NA","NA","NA","NA",0,0,0,0,0,0,0
"251",422,NA,NA,"g",NA,"a",NA,NA,NA,NA,NA,NA,NA,NA,NA,NA,"NA","NA","NA","nonsyn","nonsyn","nonsyn","NA","NA","NA","NA",0,0,0,0,0,0,0
"252",423,NA,NA,"c",NA,"t",NA,NA,NA,NA,NA,NA,NA,NA,NA,NA,"NA","NA","NA","nonsyn","nonsyn","nonsyn","NA","NA","NA","NA",0,0,0,0,0,0,0
"253",424,NA,NA,"t",NA,"c",NA,NA,NA,NA,NA,NA,NA,NA,NA,NA,"NA","NA","NA","nonsyn","nonsyn","nonsyn","NA","NA","NA","NA",0,0,0,0,0,0,0
"254",425,NA,NA,"t",NA,"c",NA,NA,NA,NA,NA,NA,NA,NA,NA,NA,"NA","NA","NA","nonsyn","nonsyn","nonsyn","NA","NA","NA","NA",0,0,0,0,0,0,0
"255",426,NA,NA,"a",NA,"g",NA,NA,NA,NA,NA,NA,NA,NA,NA,NA,"NA","NA","NA","nonsyn","nonsyn","nonsyn","NA","NA","NA","NA",0,0,0,0,0,0,0
"256",427,NA,NA,"g",NA,"a",NA,NA,NA,NA,NA,NA,NA,NA,NA,NA,"NA","NA","NA","nonsyn","nonsyn","nonsyn","NA","NA","NA","NA",0,0,0,0,0,0,0
"257",428,NA,NA,"a",NA,"g",NA,NA,NA,NA,NA,NA,NA,NA,NA,NA,"NA","NA","NA","nonsyn","nonsyn","nonsyn","NA","NA","NA","NA",0,0,0,0,0,0,0
"258",429,NA,NA,"g",NA,"a",NA,NA,NA,NA,NA,NA,NA,NA,NA,NA,"NA","NA","NA","nonsyn","nonsyn","nonsyn","NA","NA","NA","NA",0,0,0,0,0,0,0
"259",430,NA,NA,"c",NA,"t",NA,NA,NA,NA,NA,NA,NA,NA,NA,NA,"NA","NA","NA","nonsyn","nonsyn","nonsyn","NA","NA","NA","NA",0,0,0,0,0,0,0
"260",431,NA,NA,"c",NA,"t",NA,NA,NA,NA,NA,NA,NA,NA,NA,NA,"NA","NA","NA","nonsyn","nonsyn","nonsyn","NA","NA","NA","NA",0,0,0,0,0,0,0
"261",432,NA,NA,"g",NA,"a",NA,NA,NA,NA,NA,NA,NA,NA,NA,NA,"NA","NA","NA","nonsyn","nonsyn","nonsyn","NA","NA","NA","NA",0,0,0,0,0,0,0
"262",433,NA,NA,"g",NA,"a",NA,NA,NA,NA,NA,NA,NA,NA,NA,NA,"NA","NA","NA","nonsyn","nonsyn","nonsyn","NA","NA","NA","NA",0,0,0,0,0,0,0
"263",434,NA,NA,"a",NA,"g",NA,NA,NA,NA,NA,NA,NA,NA,NA,NA,"NA","NA","NA","nonsyn","nonsyn","nonsyn","NA","NA","NA","NA",0,0,0,0,0,0,0
"264",435,NA,NA,"a",NA,"g",NA,NA,NA,NA,NA,NA,NA,NA,NA,NA,"NA","NA","NA","nonsyn","nonsyn","nonsyn","NA","NA","NA","NA",0,0,0,0,0,0,0
"265",436,NA,NA,"c",NA,"t",NA,NA,NA,NA,NA,NA,NA,NA,NA,NA,"NA","NA","NA","nonsyn","nonsyn","nonsyn","NA","NA","NA","NA",0,0,0,0,0,0,0
"266",437,NA,NA,"c",NA,"t",NA,NA,NA,NA,NA,NA,NA,NA,NA,NA,"NA","NA","NA","nonsyn","nonsyn","nonsyn","NA","NA","NA","NA",0,0,0,0,0,0,0
"267",438,NA,NA,"a",NA,"g",NA,NA,NA,NA,NA,NA,NA,NA,NA,NA,"NA","NA","NA","nonsyn","nonsyn","nonsyn","NA","NA","NA","NA",0,0,0,0,0,0,0
"268",439,NA,NA,"a",NA,"g",NA,NA,NA,NA,NA,NA,NA,NA,NA,NA,"NA","NA","NA","nonsyn","nonsyn","nonsyn","NA","NA","NA","NA",0,0,0,0,0,0,0
"269",440,NA,NA,"t",NA,"c",NA,NA,NA,NA,NA,NA,NA,NA,NA,NA,"NA","NA","NA","nonsyn","nonsyn","nonsyn","NA","NA","NA","NA",0,0,0,0,0,0,0
"270",441,NA,NA,"g",NA,"a",NA,NA,NA,NA,NA,NA,NA,NA,NA,NA,"NA","NA","NA","nonsyn","nonsyn","nonsyn","NA","NA","NA","NA",0,0,0,0,0,0,0
"271",442,NA,NA,"g",NA,"a",NA,NA,NA,NA,NA,NA,NA,NA,NA,NA,"NA","NA","NA","nonsyn","nonsyn","nonsyn","NA","NA","NA","NA",0,0,0,0,0,0,0
"272",443,NA,NA,"t",NA,"c",NA,NA,NA,NA,NA,NA,NA,NA,NA,NA,"NA","NA","NA","nonsyn","nonsyn","nonsyn","NA","NA","NA","NA",0,0,0,0,0,0,0
"273",444,NA,NA,"a",NA,"g",NA,NA,NA,NA,NA,NA,NA,NA,NA,NA,"NA","NA","NA","nonsyn","nonsyn","nonsyn","NA","NA","NA","NA",0,0,0,0,0,0,0
"274",445,NA,NA,"a",NA,"g",NA,NA,NA,NA,NA,NA,NA,NA,NA,NA,"NA","NA","NA","nonsyn","nonsyn","nonsyn","NA","NA","NA","NA",0,0,0,0,0,0,0
"275",446,NA,NA,"g",NA,"a",NA,NA,NA,NA,NA,NA,NA,NA,NA,NA,"NA","NA","NA","nonsyn","nonsyn","nonsyn","NA","NA","NA","NA",0,0,0,0,0,0,0
"276",447,NA,NA,"c",NA,"t",NA,NA,NA,NA,NA,NA,NA,NA,NA,NA,"NA","NA","NA","nonsyn","nonsyn","nonsyn","NA","NA","NA","NA",0,0,0,0,0,0,0
"277",448,NA,NA,"t",NA,"c",NA,NA,NA,NA,NA,NA,NA,NA,NA,NA,"NA","NA","NA","nonsyn","nonsyn","nonsyn","NA","NA","NA","NA",0,0,0,0,0,0,0
"278",449,NA,NA,"g",NA,"a",NA,NA,NA,NA,NA,NA,NA,NA,NA,NA,"NA","NA","NA","nonsyn","nonsyn","nonsyn","NA","NA","NA","NA",0,0,0,0,0,0,0
"279",450,NA,NA,"t",NA,"c",NA,NA,NA,NA,NA,NA,NA,NA,NA,NA,"NA","NA","NA","nonsyn","nonsyn","nonsyn","NA","NA","NA","NA",0,0,0,0,0,0,0
"280",451,NA,NA,"a",NA,"g",NA,NA,NA,NA,NA,NA,NA,NA,NA,NA,"NA","NA","NA","nonsyn","nonsyn","nonsyn","NA","NA","NA","NA",0,0,0,0,0,0,0
"281",452,NA,NA,"a",NA,"g",NA,NA,NA,NA,NA,NA,NA,NA,NA,NA,"NA","NA","NA","nonsyn","nonsyn","nonsyn","NA","NA","NA","NA",0,0,0,0,0,0,0
"282",453,NA,NA,"a",NA,"g",NA,NA,NA,NA,NA,NA,NA,NA,NA,NA,"NA","NA","NA","nonsyn","nonsyn","nonsyn","NA","NA","NA","NA",0,0,0,0,0,0,0
"283",454,NA,NA,"t",NA,"c",NA,NA,NA,NA,NA,NA,NA,NA,NA,NA,"NA","NA","NA","nonsyn","nonsyn","nonsyn","NA","NA","NA","NA",0,0,0,0,0,0,0
"284",455,NA,NA,"t",NA,"c",NA,NA,NA,NA,NA,NA,NA,NA,NA,NA,"NA","NA","NA","nonsyn","nonsyn","nonsyn","NA","NA","NA","NA",0,0,0,0,0,0,0
"285",456,NA,NA,"t",NA,"c",NA,NA,NA,NA,NA,NA,NA,NA,NA,NA,"NA","NA","NA","nonsyn","nonsyn","nonsyn","NA","NA","NA","NA",0,0,0,0,0,0,0
"286",457,NA,NA,"a",NA,"g",NA,NA,NA,NA,NA,NA,NA,NA,NA,NA,"NA","NA","NA","nonsyn","nonsyn","nonsyn","NA","NA","NA","NA",0,0,0,0,0,0,0
"287",458,NA,NA,"a",NA,"g",NA,NA,NA,NA,NA,NA,NA,NA,NA,NA,"NA","NA","NA","nonsyn","nonsyn","nonsyn","NA","NA","NA","NA",0,0,0,0,0,0,0
"288",459,NA,NA,"c",NA,"t",NA,NA,NA,NA,NA,NA,NA,NA,NA,NA,"NA","NA","NA","nonsyn","nonsyn","nonsyn","NA","NA","NA","NA",0,0,0,0,0,0,0
"289",460,NA,NA,"a",NA,"g",NA,NA,NA,NA,NA,NA,NA,NA,NA,NA,"NA","NA","NA","nonsyn","nonsyn","nonsyn","NA","NA","NA","NA",0,0,0,0,0,0,0
"290",461,NA,NA,"t",NA,"c",NA,NA,NA,NA,NA,NA,NA,NA,NA,NA,"NA","NA","NA","nonsyn","nonsyn","nonsyn","NA","NA","NA","NA",0,0,0,0,0,0,0
"291",462,NA,NA,"g",NA,"a",NA,NA,NA,NA,NA,NA,NA,NA,NA,NA,"NA","NA","NA","nonsyn","nonsyn","nonsyn","NA","NA","NA","NA",0,0,0,0,0,0,0
"292",463,NA,NA,"a",NA,"g",NA,NA,NA,NA,NA,NA,NA,NA,NA,NA,"NA","NA","NA","nonsyn","nonsyn","nonsyn","NA","NA","NA","NA",0,0,0,0,0,0,0
"293",464,NA,NA,"c",NA,"t",NA,NA,NA,NA,NA,NA,NA,NA,NA,NA,"NA","NA","NA","nonsyn","nonsyn","nonsyn","NA","NA","NA","NA",0,0,0,0,0,0,0
"294",465,NA,NA,"t",NA,"c",NA,NA,NA,NA,NA,NA,NA,NA,NA,NA,"NA","NA","NA","nonsyn","nonsyn","nonsyn","NA","NA","NA","NA",0,0,0,0,0,0,0
"295",466,NA,NA,"g",NA,"a",NA,NA,NA,NA,NA,NA,NA,NA,NA,NA,"NA","NA","NA","nonsyn","nonsyn","nonsyn","NA","NA","NA","NA",0,0,0,0,0,0,0
"296",467,NA,NA,"g",NA,"a",NA,NA,NA,NA,NA,NA,NA,NA,NA,NA,"NA","NA","NA","nonsyn","nonsyn","nonsyn","NA","NA","NA","NA",0,0,0,0,0,0,0
"297",468,NA,NA,"g",NA,"a",NA,NA,NA,NA,NA,NA,NA,NA,NA,NA,"NA","NA","NA","nonsyn","nonsyn","nonsyn","NA","NA","NA","NA",0,0,0,0,0,0,0
"298",469,NA,NA,"t",NA,"c",NA,NA,NA,NA,NA,NA,NA,NA,NA,NA,"NA","NA","NA","nonsyn","nonsyn","nonsyn","NA","NA","NA","NA",0,0,0,0,0,0,0
"299",470,NA,NA,"t",NA,"c",NA,NA,NA,NA,NA,NA,NA,NA,NA,NA,"NA","NA","NA","nonsyn","nonsyn","nonsyn","NA","NA","NA","NA",0,0,0,0,0,0,0
"300",471,NA,NA,"a",NA,"g",NA,NA,NA,NA,NA,NA,NA,NA,NA,NA,"NA","NA","NA","nonsyn","nonsyn","nonsyn","NA","NA","NA","NA",0,0,0,0,0,0,0
"301",472,NA,NA,"a",NA,"g",NA,NA,NA,NA,NA,NA,NA,NA,NA,NA,"NA","NA","NA","nonsyn","nonsyn","nonsyn","NA","NA","NA","NA",0,0,0,0,0,0,0
"302",473,NA,NA,"a",NA,"g",NA,NA,NA,NA,NA,NA,NA,NA,NA,NA,"NA","NA","NA","nonsyn","nonsyn","nonsyn","NA","NA","NA","NA",0,0,0,0,0,0,0
"303",474,NA,NA,"a",NA,"g",NA,NA,NA,NA,NA,NA,NA,NA,NA,NA,"NA","NA","NA","nonsyn","nonsyn","nonsyn","NA","NA","NA","NA",0,0,0,0,0,0,0
"304",475,NA,NA,"a",NA,"g",NA,NA,NA,NA,NA,NA,NA,NA,NA,NA,"NA","NA","NA","nonsyn","nonsyn","nonsyn","NA","NA","NA","NA",0,0,0,0,0,0,0
"305",476,NA,NA,"g",NA,"a",NA,NA,NA,NA,NA,NA,NA,NA,NA,NA,"NA","NA","NA","nonsyn","nonsyn","nonsyn","NA","NA","NA","NA",0,0,0,0,0,0,0
"306",477,NA,NA,"g",NA,"a",NA,NA,NA,NA,NA,NA,NA,NA,NA,NA,"NA","NA","NA","nonsyn","nonsyn","nonsyn","NA","NA","NA","NA",0,0,0,0,0,0,0
"307",478,NA,NA,"g",NA,"a",NA,NA,NA,NA,NA,NA,NA,NA,NA,NA,"NA","NA","NA","nonsyn","nonsyn","nonsyn","NA","NA","NA","NA",0,0,0,0,0,0,0
"308",479,NA,NA,"a",NA,"g",NA,NA,NA,NA,NA,NA,NA,NA,NA,NA,"NA","NA","NA","nonsyn","nonsyn","nonsyn","NA","NA","NA","NA",0,0,0,0,0,0,0
"309",480,NA,NA,"c",NA,"t",NA,NA,NA,NA,NA,NA,NA,NA,NA,NA,"NA","NA","NA","nonsyn","nonsyn","nonsyn","NA","NA","NA","NA",0,0,0,0,0,0,0
"310",481,NA,NA,"a",NA,"g",NA,NA,NA,NA,NA,NA,NA,NA,NA,NA,"NA","NA","NA","nonsyn","nonsyn","nonsyn","NA","NA","NA","NA",0,0,0,0,0,0,0
"311",482,NA,NA,"a",NA,"g",NA,NA,NA,NA,NA,NA,NA,NA,NA,NA,"NA","NA","NA","nonsyn","nonsyn","nonsyn","NA","NA","NA","NA",0,0,0,0,0,0,0
"312",483,NA,NA,"a",NA,"g",NA,NA,NA,NA,NA,NA,NA,NA,NA,NA,"NA","NA","NA","nonsyn","nonsyn","nonsyn","NA","NA","NA","NA",0,0,0,0,0,0,0
"313",484,NA,NA,"a",NA,"g",NA,NA,NA,NA,NA,NA,NA,NA,NA,NA,"NA","NA","NA","nonsyn","nonsyn","nonsyn","NA","NA","NA","NA",0,0,0,0,0,0,0
"314",485,NA,NA,"a",NA,"g",NA,NA,NA,NA,NA,NA,NA,NA,NA,NA,"NA","NA","NA","nonsyn","nonsyn","nonsyn","NA","NA","NA","NA",0,0,0,0,0,0,0
"315",486,NA,NA,"g",NA,"a",NA,NA,NA,NA,NA,NA,NA,NA,NA,NA,"NA","NA","NA","nonsyn","nonsyn","nonsyn","NA","NA","NA","NA",0,0,0,0,0,0,0
"316",487,NA,NA,"a",NA,"g",NA,NA,NA,NA,NA,NA,NA,NA,NA,NA,"NA","NA","NA","nonsyn","nonsyn","nonsyn","NA","NA","NA","NA",0,0,0,0,0,0,0
"317",488,NA,NA,"a",NA,"g",NA,NA,NA,NA,NA,NA,NA,NA,NA,NA,"NA","NA","NA","nonsyn","nonsyn","nonsyn","NA","NA","NA","NA",0,0,0,0,0,0,0
"318",489,NA,NA,"a",NA,"g",NA,NA,NA,NA,NA,NA,NA,NA,NA,NA,"NA","NA","NA","nonsyn","nonsyn","nonsyn","NA","NA","NA","NA",0,0,0,0,0,0,0
"319",490,NA,NA,"g",NA,"a",NA,NA,NA,NA,NA,NA,NA,NA,NA,NA,"NA","NA","NA","nonsyn","nonsyn","nonsyn","NA","NA","NA","NA",0,0,0,0,0,0,0
"320",491,NA,NA,"a",NA,"g",NA,NA,NA,NA,NA,NA,NA,NA,NA,NA,"NA","NA","NA","nonsyn","nonsyn","nonsyn","NA","NA","NA","NA",0,0,0,0,0,0,0
"321",492,NA,NA,"a",NA,"g",NA,NA,NA,NA,NA,NA,NA,NA,NA,NA,"NA","NA","NA","nonsyn","nonsyn","nonsyn","NA","NA","NA","NA",0,0,0,0,0,0,0
"322",493,NA,NA,"t",NA,"c",NA,NA,NA,NA,NA,NA,NA,NA,NA,NA,"NA","NA","NA","nonsyn","nonsyn","nonsyn","NA","NA","NA","NA",0,0,0,0,0,0,0
"323",494,NA,NA,"a",NA,"g",NA,NA,NA,NA,NA,NA,NA,NA,NA,NA,"NA","NA","NA","nonsyn","nonsyn","nonsyn","NA","NA","NA","NA",0,0,0,0,0,0,0
"324",495,NA,NA,"t",NA,"c",NA,NA,NA,NA,NA,NA,NA,NA,NA,NA,"NA","NA","NA","nonsyn","nonsyn","nonsyn","NA","NA","NA","NA",0,0,0,0,0,0,0
"325",496,NA,NA,"a",NA,"g",NA,NA,NA,NA,NA,NA,NA,NA,NA,NA,"NA","NA","NA","nonsyn","nonsyn","nonsyn","NA","NA","NA","NA",0,0,0,0,0,0,0
"326",497,NA,NA,"a",NA,"g",NA,NA,NA,NA,NA,NA,NA,NA,NA,NA,"NA","NA","NA","nonsyn","nonsyn","nonsyn","NA","NA","NA","NA",0,0,0,0,0,0,0
"327",498,NA,NA,"t",NA,"c",NA,NA,NA,NA,NA,NA,NA,NA,NA,NA,"NA","NA","NA","nonsyn","nonsyn","nonsyn","NA","NA","NA","NA",0,0,0,0,0,0,0
"328",499,NA,NA,"g",NA,"a",NA,NA,NA,NA,NA,NA,NA,NA,NA,NA,"NA","NA","NA","nonsyn","nonsyn","nonsyn","NA","NA","NA","NA",0,0,0,0,0,0,0
"329",500,NA,NA,"a",NA,"g",NA,NA,NA,NA,NA,NA,NA,NA,NA,NA,"NA","NA","NA","nonsyn","nonsyn","nonsyn","NA","NA","NA","NA",0,0,0,0,0,0,0
"330",501,NA,NA,"a",NA,"g",NA,NA,NA,NA,NA,NA,NA,NA,NA,NA,"NA","NA","NA","nonsyn","nonsyn","nonsyn","NA","NA","NA","NA",0,0,0,0,0,0,0
"331",502,NA,NA,"a",NA,"g",NA,NA,NA,NA,NA,NA,NA,NA,NA,NA,"NA","NA","NA","nonsyn","nonsyn","nonsyn","NA","NA","NA","NA",0,0,0,0,0,0,0
"332",503,NA,NA,"c",NA,"t",NA,NA,NA,NA,NA,NA,NA,NA,NA,NA,"NA","NA","NA","nonsyn","nonsyn","nonsyn","NA","NA","NA","NA",0,0,0,0,0,0,0
"333",504,NA,NA,"a",NA,"g",NA,NA,NA,NA,NA,NA,NA,NA,NA,NA,"NA","NA","NA","nonsyn","nonsyn","nonsyn","NA","NA","NA","NA",0,0,0,0,0,0,0
"334",505,NA,NA,"t",NA,"c",NA,NA,NA,NA,NA,NA,NA,NA,NA,NA,"NA","NA","NA","nonsyn","nonsyn","nonsyn","NA","NA","NA","NA",0,0,0,0,0,0,0
"335",506,NA,NA,"g",NA,"a",NA,NA,NA,NA,NA,NA,NA,NA,NA,NA,"NA","NA","NA","nonsyn","nonsyn","nonsyn","NA","NA","NA","NA",0,0,0,0,0,0,0
"336",507,NA,NA,"g",NA,"a",NA,NA,NA,NA,NA,NA,NA,NA,NA,NA,"NA","NA","NA","nonsyn","nonsyn","nonsyn","NA","NA","NA","NA",0,0,0,0,0,0,0
"337",508,NA,NA,"t",NA,"c",NA,NA,NA,NA,NA,NA,NA,NA,NA,NA,"NA","NA","NA","nonsyn","nonsyn","nonsyn","NA","NA","NA","NA",0,0,0,0,0,0,0
"338",509,NA,NA,"a",NA,"g",NA,NA,NA,NA,NA,NA,NA,NA,NA,NA,"NA","NA","NA","nonsyn","nonsyn","nonsyn","NA","NA","NA","NA",0,0,0,0,0,0,0
"339",510,NA,NA,"t",NA,"c",NA,NA,NA,NA,NA,NA,NA,NA,NA,NA,"NA","NA","NA","nonsyn","nonsyn","nonsyn","NA","NA","NA","NA",0,0,0,0,0,0,0
"340",511,NA,NA,"t",NA,"c",NA,NA,NA,NA,NA,NA,NA,NA,NA,NA,"NA","NA","NA","nonsyn","nonsyn","nonsyn","NA","NA","NA","NA",0,0,0,0,0,0,0
"341",512,NA,NA,"c",NA,"t",NA,NA,NA,NA,NA,NA,NA,NA,NA,NA,"NA","NA","NA","nonsyn","nonsyn","nonsyn","NA","NA","NA","NA",0,0,0,0,0,0,0
"342",513,NA,NA,"a",NA,"g",NA,NA,NA,NA,NA,NA,NA,NA,NA,NA,"NA","NA","NA","nonsyn","nonsyn","nonsyn","NA","NA","NA","NA",0,0,0,0,0,0,0
"343",514,NA,NA,"a",NA,"g",NA,NA,NA,NA,NA,NA,NA,NA,NA,NA,"NA","NA","NA","nonsyn","nonsyn","nonsyn","NA","NA","NA","NA",0,0,0,0,0,0,0
"344",515,NA,NA,"g",NA,"a",NA,NA,NA,NA,NA,NA,NA,NA,NA,NA,"NA","NA","NA","nonsyn","nonsyn","nonsyn","NA","NA","NA","NA",0,0,0,0,0,0,0
"345",516,NA,NA,"a",NA,"g",NA,NA,NA,NA,NA,NA,NA,NA,NA,NA,"NA","NA","NA","nonsyn","nonsyn","nonsyn","NA","NA","NA","NA",0,0,0,0,0,0,0
"346",517,NA,NA,"g",NA,"a",NA,NA,NA,NA,NA,NA,NA,NA,NA,NA,"NA","NA","NA","nonsyn","nonsyn","nonsyn","NA","NA","NA","NA",0,0,0,0,0,0,0
"347",518,NA,NA,"a",NA,"g",NA,NA,NA,NA,NA,NA,NA,NA,NA,NA,"NA","NA","NA","nonsyn","nonsyn","nonsyn","NA","NA","NA","NA",0,0,0,0,0,0,0
"348",519,NA,NA,"t",NA,"c",NA,NA,NA,NA,NA,NA,NA,NA,NA,NA,"NA","NA","NA","nonsyn","nonsyn","nonsyn","NA","NA","NA","NA",0,0,0,0,0,0,0
"349",520,NA,NA,"t",NA,"c",NA,NA,NA,NA,NA,NA,NA,NA,NA,NA,"NA","NA","NA","nonsyn","nonsyn","nonsyn","NA","NA","NA","NA",0,0,0,0,0,0,0
"350",521,NA,NA,"t",NA,"c",NA,NA,NA,NA,NA,NA,NA,NA,NA,NA,"NA","NA","NA","nonsyn","nonsyn","nonsyn","NA","NA","NA","NA",0,0,0,0,0,0,0
"351",522,NA,NA,"a",NA,"g",NA,NA,NA,NA,NA,NA,NA,NA,NA,NA,"NA","NA","NA","nonsyn","nonsyn","nonsyn","NA","NA","NA","NA",0,0,0,0,0,0,0
"352",523,NA,NA,"a",NA,"g",NA,NA,NA,NA,NA,NA,NA,NA,NA,NA,"NA","NA","NA","nonsyn","nonsyn","nonsyn","NA","NA","NA","NA",0,0,0,0,0,0,0
"353",524,NA,NA,"t",NA,"c",NA,NA,NA,NA,NA,NA,NA,NA,NA,NA,"NA","NA","NA","nonsyn","nonsyn","nonsyn","NA","NA","NA","NA",0,0,0,0,0,0,0
"354",525,NA,NA,"a",NA,"g",NA,NA,NA,NA,NA,NA,NA,NA,NA,NA,"NA","NA","NA","nonsyn","nonsyn","nonsyn","NA","NA","NA","NA",0,0,0,0,0,0,0
"355",526,NA,NA,"t",NA,"c",NA,NA,NA,NA,NA,NA,NA,NA,NA,NA,"NA","NA","NA","nonsyn","nonsyn","nonsyn","NA","NA","NA","NA",0,0,0,0,0,0,0
"356",527,NA,NA,"g",NA,"a",NA,NA,NA,NA,NA,NA,NA,NA,NA,NA,"NA","NA","NA","nonsyn","nonsyn","nonsyn","NA","NA","NA","NA",0,0,0,0,0,0,0
"357",528,NA,NA,"t",NA,"c",NA,NA,NA,NA,NA,NA,NA,NA,NA,NA,"NA","NA","NA","nonsyn","nonsyn","nonsyn","NA","NA","NA","NA",0,0,0,0,0,0,0
"358",529,NA,NA,"g",NA,"a",NA,NA,NA,NA,NA,NA,NA,NA,NA,NA,"NA","NA","NA","nonsyn","nonsyn","nonsyn","NA","NA","NA","NA",0,0,0,0,0,0,0
"359",530,NA,NA,"a",NA,"g",NA,NA,NA,NA,NA,NA,NA,NA,NA,NA,"NA","NA","NA","nonsyn","nonsyn","nonsyn","NA","NA","NA","NA",0,0,0,0,0,0,0
"360",531,NA,NA,"a",NA,"g",NA,NA,NA,NA,NA,NA,NA,NA,NA,NA,"NA","NA","NA","nonsyn","nonsyn","nonsyn","NA","NA","NA","NA",0,0,0,0,0,0,0
"361",532,NA,NA,"c",NA,"t",NA,NA,NA,NA,NA,NA,NA,NA,NA,NA,"NA","NA","NA","nonsyn","nonsyn","nonsyn","NA","NA","NA","NA",0,0,0,0,0,0,0
"362",533,NA,NA,"a",NA,"g",NA,NA,NA,NA,NA,NA,NA,NA,NA,NA,"NA","NA","NA","nonsyn","nonsyn","nonsyn","NA","NA","NA","NA",0,0,0,0,0,0,0
"363",534,NA,NA,"a",NA,"g",NA,NA,NA,NA,NA,NA,NA,NA,NA,NA,"NA","NA","NA","nonsyn","nonsyn","nonsyn","NA","NA","NA","NA",0,0,0,0,0,0,0
"364",535,NA,NA,"a",NA,"g",NA,NA,NA,NA,NA,NA,NA,NA,NA,NA,"NA","NA","NA","nonsyn","nonsyn","nonsyn","NA","NA","NA","NA",0,0,0,0,0,0,0
"365",536,NA,NA,"a",NA,"g",NA,NA,NA,NA,NA,NA,NA,NA,NA,NA,"NA","NA","NA","nonsyn","nonsyn","nonsyn","NA","NA","NA","NA",0,0,0,0,0,0,0
"366",537,NA,NA,"t",NA,"c",NA,NA,NA,NA,NA,NA,NA,NA,NA,NA,"NA","NA","NA","nonsyn","nonsyn","nonsyn","NA","NA","NA","NA",0,0,0,0,0,0,0
"367",538,NA,NA,"a",NA,"g",NA,NA,NA,NA,NA,NA,NA,NA,NA,NA,"NA","NA","NA","nonsyn","nonsyn","nonsyn","NA","NA","NA","NA",0,0,0,0,0,0,0
"368",539,NA,NA,"c",NA,"t",NA,NA,NA,NA,NA,NA,NA,NA,NA,NA,"NA","NA","NA","nonsyn","nonsyn","nonsyn","NA","NA","NA","NA",0,0,0,0,0,0,0
"369",540,NA,NA,"t",NA,"c",NA,NA,NA,NA,NA,NA,NA,NA,NA,NA,"NA","NA","NA","nonsyn","nonsyn","nonsyn","NA","NA","NA","NA",0,0,0,0,0,0,0
"370",541,NA,NA,"a",NA,"g",NA,NA,NA,NA,NA,NA,NA,NA,NA,NA,"NA","NA","NA","nonsyn","nonsyn","nonsyn","NA","NA","NA","NA",0,0,0,0,0,0,0
"371",542,NA,NA,"a",NA,"g",NA,NA,NA,NA,NA,NA,NA,NA,NA,NA,"NA","NA","NA","nonsyn","nonsyn","nonsyn","NA","NA","NA","NA",0,0,0,0,0,0,0
"372",543,NA,NA,"t",NA,"c",NA,NA,NA,NA,NA,NA,NA,NA,NA,NA,"NA","NA","NA","nonsyn","nonsyn","nonsyn","NA","NA","NA","NA",0,0,0,0,0,0,0
"373",544,NA,NA,"g",NA,"a",NA,NA,NA,NA,NA,NA,NA,NA,NA,NA,"NA","NA","NA","nonsyn","nonsyn","nonsyn","NA","NA","NA","NA",0,0,0,0,0,0,0
"374",545,NA,NA,"g",NA,"a",NA,NA,NA,NA,NA,NA,NA,NA,NA,NA,"NA","NA","NA","nonsyn","nonsyn","nonsyn","NA","NA","NA","NA",0,0,0,0,0,0,0
"375",546,NA,NA,"a",NA,"g",NA,NA,NA,NA,NA,NA,NA,NA,NA,NA,"NA","NA","NA","nonsyn","nonsyn","nonsyn","NA","NA","NA","NA",0,0,0,0,0,0,0
"376",547,51,"a","a","g","g",NA,NA,NA,NA,NA,NA,NA,NA,NA,NA,"nonsyn","nonsyn","nonsyn","nonsyn","nonsyn","nonsyn","N","D","H","Y",1,1,1,0,0,0,0
"377",548,71,"a","g","g","a",NA,NA,NA,NA,NA,NA,NA,NA,NA,NA,"nonsyn","nonsyn","nonsyn","syn","nonsyn","nonsyn","N","S","T","I",0,0,1,1,0,0,0
"378",549,1053,"t","t","c","c",NA,NA,NA,NA,NA,NA,NA,NA,NA,NA,"syn","nonsyn","nonsyn","nonsyn","nonsyn","nonsyn","N","N","K","K",0,1,1,0,0,0,0
"379",550,1102,"g","g","a","a",NA,NA,NA,NA,NA,NA,NA,NA,NA,NA,"nonsyn","nonsyn","stop","nonsyn","nonsyn","stop","E","K","Q","*",1,1,1,0,0,0,0
"380",551,1125,"a","a","g","g",NA,NA,NA,NA,NA,NA,NA,NA,NA,NA,"nonsyn","nonsyn","nonsyn","nonsyn","nonsyn","nonsyn","E","G","A","V",1,1,1,0,0,0,0
"381",552,1135,"a","a","g","g",NA,NA,NA,NA,NA,NA,NA,NA,NA,NA,"syn","nonsyn","nonsyn","syn","nonsyn","nonsyn","E","E","D","D",0,0,0,0,1,1,0
"382",553,1151,"a","a","g","g",NA,NA,NA,NA,NA,NA,NA,NA,NA,NA,"nonsyn","nonsyn","nonsyn","nonsyn","nonsyn","nonsyn","S","G","R","C",1,1,1,0,0,0,0
"383",554,1162,"g","g","a","a",NA,NA,NA,NA,NA,NA,NA,NA,NA,NA,"nonsyn","nonsyn","nonsyn","nonsyn","nonsyn","nonsyn","S","N","T","I",0,0,1,0,0,0,0
"384",555,1171,"t","t","c","c",NA,NA,NA,NA,NA,NA,NA,NA,NA,NA,"syn","nonsyn","nonsyn","syn","nonsyn","nonsyn","S","S","R","R",0,1,1,0,1,1,0
"385",556,1197,"a","a","g","g",NA,NA,NA,NA,NA,NA,NA,NA,NA,NA,"nonsyn","syn","stop","nonsyn","nonsyn","stop","R","G","R","*",1,0,1,0,0,0,0
"386",557,1248,"g","a","a","g",NA,NA,NA,NA,NA,NA,NA,NA,NA,NA,"nonsyn","nonsyn","nonsyn","syn","nonsyn","nonsyn","R","K","T","I",0,1,1,0,0,0,0
"387",558,1283,"a","a","g","g",NA,NA,NA,NA,NA,NA,NA,NA,NA,NA,"syn","nonsyn","nonsyn","nonsyn","nonsyn","nonsyn","R","R","S","S",0,1,1,1,0,0,0
"388",559,1327,"t","t","c","c",NA,NA,NA,NA,NA,NA,NA,NA,NA,NA,"nonsyn","nonsyn","nonsyn","nonsyn","nonsyn","nonsyn","C","R","S","G",1,1,0,0,0,0,0
"389",560,1355,"g","g","a","a",NA,NA,NA,NA,NA,NA,NA,NA,NA,NA,"nonsyn","nonsyn","nonsyn","nonsyn","nonsyn","nonsyn","C","Y","S","F",1,1,1,0,0,0,0
"390",561,1370,"t","t","c","c",NA,NA,NA,NA,NA,NA,NA,NA,NA,NA,"syn","stop","nonsyn","syn","stop","nonsyn","C","C","*","W",0,1,1,0,0,0,0
"391",562,1404,"t","t","c","c",NA,NA,NA,NA,NA,NA,NA,NA,NA,NA,"nonsyn","nonsyn","nonsyn","nonsyn","nonsyn","nonsyn","Y","H","N","D",1,1,1,0,0,0,0
"392",563,1429,"a","a","g","g",NA,NA,NA,NA,NA,NA,NA,NA,NA,NA,"nonsyn","nonsyn","nonsyn","nonsyn","nonsyn","nonsyn","Y","C","S","F",1,1,0,0,0,0,0
"393",564,1431,"c","c","t","t",NA,NA,NA,NA,NA,NA,NA,NA,NA,NA,"syn","stop","stop","syn","stop","stop","Y","Y","*","*",0,1,1,1,0,0,0
"394",565,1456,"a","a","g","g",NA,NA,NA,NA,NA,NA,NA,NA,NA,NA,"nonsyn","nonsyn","nonsyn","nonsyn","nonsyn","nonsyn","M","V","L","L",0,0,0,1,0,0,0
"395",566,1464,"t","t","c","c",NA,NA,NA,NA,NA,NA,NA,NA,NA,NA,"nonsyn","nonsyn","nonsyn","nonsyn","nonsyn","nonsyn","M","T","K","R",1,1,1,0,0,0,0
"396",567,1479,"g","g","a","a",NA,NA,NA,NA,NA,NA,NA,NA,NA,NA,"nonsyn","nonsyn","nonsyn","nonsyn","nonsyn","nonsyn","M","I","I","I",0,0,0,0,0,0,0
"397",568,1494,"a","a","g","g",NA,NA,NA,NA,NA,NA,NA,NA,NA,NA,"nonsyn","nonsyn","nonsyn","nonsyn","nonsyn","nonsyn","N","D","H","Y",1,1,1,0,0,0,0
"398",569,1513,"a","a","g","g",NA,NA,NA,NA,NA,NA,NA,NA,NA,NA,"nonsyn","nonsyn","nonsyn","nonsyn","nonsyn","nonsyn","N","S","T","I",0,0,1,0,0,0,0
"399",570,1513,"t","t","c","c",NA,NA,NA,NA,NA,NA,NA,NA,NA,NA,"syn","nonsyn","nonsyn","syn","nonsyn","nonsyn","N","N","K","K",0,1,1,0,0,0,0
"400",571,1513,"c","c","t","t",NA,NA,NA,NA,NA,NA,NA,NA,NA,NA,"nonsyn","nonsyn","nonsyn","nonsyn","nonsyn","nonsyn","H","Y","N","D",1,1,1,1,0,0,0
"401",572,1514,"a","a","g","g",NA,NA,NA,NA,NA,NA,NA,NA,NA,NA,"nonsyn","nonsyn","nonsyn","nonsyn","nonsyn","nonsyn","H","R","P","L",0,1,1,0,0,0,0
"402",573,1514,"c","t","t","c",NA,NA,NA,NA,NA,NA,NA,NA,NA,NA,"syn","nonsyn","nonsyn","syn","nonsyn","nonsyn","H","H","Q","Q",0,1,1,1,1,0,1
"403",574,1587,"t","t","c","c",NA,NA,NA,NA,NA,NA,NA,NA,NA,NA,"nonsyn","nonsyn","nonsyn","nonsyn","nonsyn","nonsyn","C","R","S","G",1,1,0,0,0,0,0
"404",575,1587,"g","g","a","a",NA,NA,NA,NA,NA,NA,NA,NA,NA,NA,"nonsyn","nonsyn","nonsyn","nonsyn","nonsyn","nonsyn","C","Y","S","F",1,1,1,0,0,0,0
"405",576,1587,"t","t","c","c",NA,NA,NA,NA,NA,NA,NA,NA,NA,NA,"syn","stop","nonsyn","syn","stop","nonsyn","C","C","*","W",0,1,1,0,0,0,0
"406",577,1587,"a","a","g","g",NA,NA,NA,NA,NA,NA,NA,NA,NA,NA,"nonsyn","nonsyn","nonsyn","nonsyn","nonsyn","nonsyn","N","D","H","Y",1,1,1,0,0,0,0
"407",578,1587,"a","a","g","g",NA,NA,NA,NA,NA,NA,NA,NA,NA,NA,"nonsyn","nonsyn","nonsyn","nonsyn","nonsyn","nonsyn","N","S","T","I",0,0,1,0,0,0,0
"408",579,1587,"c","c","t","t",NA,NA,NA,NA,NA,NA,NA,NA,NA,NA,"syn","nonsyn","nonsyn","syn","nonsyn","nonsyn","N","N","K","K",0,1,1,1,0,0,0
"409",580,1587,"a","a","g","g",NA,NA,NA,NA,NA,NA,NA,NA,NA,NA,"nonsyn","nonsyn","nonsyn","nonsyn","nonsyn","nonsyn","T","A","P","S",1,1,0,0,0,0,0
"410",581,1587,"c","c","t","t",NA,NA,NA,NA,NA,NA,NA,NA,NA,NA,"nonsyn","nonsyn","nonsyn","nonsyn","nonsyn","nonsyn","T","I","N","S",1,0,0,0,1,0,1
"411",582,1587,"t","c","c","t",NA,NA,NA,NA,NA,NA,NA,NA,NA,NA,"syn","syn","syn","syn","syn","syn","T","T","T","T",0,0,0,0,0,0,0
"412",583,1587,"t","a","c","g",NA,NA,NA,NA,NA,NA,NA,NA,NA,NA,"nonsyn","nonsyn","nonsyn","nonsyn","nonsyn","nonsyn","S","P","T","A",1,0,1,0,0,0,0
"413",584,1606,"c","g","t","a",NA,NA,NA,NA,NA,NA,NA,NA,NA,NA,"nonsyn","nonsyn","nonsyn","nonsyn","nonsyn","nonsyn","S","F","Y","C",1,1,1,0,1,0,1
"414",585,1941,"t","t","c","c",NA,NA,NA,NA,NA,NA,NA,NA,NA,NA,"syn","syn","syn","syn","syn","syn","S","S","S","S",0,0,0,0,0,0,0
"415",586,1968,"a","a","g","g",NA,NA,NA,NA,NA,NA,NA,NA,NA,NA,"nonsyn","nonsyn","nonsyn","nonsyn","nonsyn","nonsyn","I","V","L","F",0,0,0,0,0,0,0
"416",587,1983,"t","t","c","c",NA,NA,NA,NA,NA,NA,NA,NA,NA,NA,"nonsyn","nonsyn","nonsyn","nonsyn","nonsyn","nonsyn","I","T","N","S",1,1,1,0,0,0,0
"417",588,2012,"t","t","c","c",NA,NA,NA,NA,NA,NA,NA,NA,NA,NA,"syn","syn","nonsyn","syn","syn","nonsyn","I","I","I","M",0,0,0,0,0,0,0
"418",589,2033,"a","a","g","g",NA,NA,NA,NA,NA,NA,NA,NA,NA,NA,"nonsyn","nonsyn","nonsyn","nonsyn","nonsyn","nonsyn","I","V","L","F",0,0,0,0,0,0,0
"419",590,2053,"t","t","c","c",NA,NA,NA,NA,NA,NA,NA,NA,NA,NA,"nonsyn","nonsyn","nonsyn","nonsyn","nonsyn","nonsyn","I","T","N","S",1,1,1,0,0,0,0
"420",591,2053,"c","t","t","c",NA,NA,NA,NA,NA,NA,NA,NA,NA,NA,"syn","syn","nonsyn","syn","syn","nonsyn","I","I","I","M",0,0,0,0,1,0,1
"421",592,2132,"c","c","t","t",NA,NA,NA,NA,NA,NA,NA,NA,NA,NA,"stop","nonsyn","nonsyn","stop","nonsyn","nonsyn","Q","*","K","E",1,1,1,1,0,0,0
"422",593,2191,"a","a","g","g",NA,NA,NA,NA,NA,NA,NA,NA,NA,NA,"nonsyn","nonsyn","nonsyn","nonsyn","nonsyn","nonsyn","Q","R","P","L",1,1,1,0,1,1,0
"423",594,2197,"a","a","g","g",NA,NA,NA,NA,NA,NA,NA,NA,NA,NA,"syn","nonsyn","nonsyn","syn","nonsyn","nonsyn","Q","Q","H","H",0,1,1,0,0,0,0
"424",595,2202,"g","g","a","a",NA,NA,NA,NA,NA,NA,NA,NA,NA,NA,"nonsyn","nonsyn","stop","nonsyn","nonsyn","stop","E","K","Q","*",1,1,1,0,1,1,0
"425",596,2202,"a","a","g","g",NA,NA,NA,NA,NA,NA,NA,NA,NA,NA,"nonsyn","nonsyn","nonsyn","nonsyn","nonsyn","nonsyn","E","G","A","V",1,1,1,0,0,0,0
"426",597,2202,"g","a","a","g",NA,NA,NA,NA,NA,NA,NA,NA,NA,NA,"syn","nonsyn","nonsyn","syn","nonsyn","nonsyn","E","E","D","D",0,0,0,0,0,0,0
"427",598,2215,"t","t","c","c",NA,NA,NA,NA,NA,NA,NA,NA,NA,NA,"nonsyn","nonsyn","nonsyn","nonsyn","nonsyn","nonsyn","S","P","T","A",1,0,1,0,0,0,0
"428",599,2247,"c","c","t","t",NA,NA,NA,NA,NA,NA,NA,NA,NA,NA,"nonsyn","nonsyn","nonsyn","nonsyn","nonsyn","nonsyn","S","F","Y","C",1,1,1,0,1,0,1
"429",600,2323,"t","c","c","t",NA,NA,NA,NA,NA,NA,NA,NA,NA,NA,"syn","syn","syn","syn","syn","syn","S","S","S","S",0,0,0,1,0,0,0
"430",601,2460,"t","t","c","c",NA,NA,NA,NA,NA,NA,NA,NA,NA,NA,"nonsyn","nonsyn","nonsyn","nonsyn","nonsyn","nonsyn","C","R","S","G",1,1,0,0,0,0,0
"431",602,2478,"g","g","a","a",NA,NA,NA,NA,NA,NA,NA,NA,NA,NA,"nonsyn","nonsyn","nonsyn","nonsyn","nonsyn","nonsyn","C","Y","S","F",1,1,1,1,0,0,0
"432",603,2484,"t","t","c","c",NA,NA,NA,NA,NA,NA,NA,NA,NA,NA,"syn","stop","nonsyn","syn","stop","nonsyn","C","C","*","W",0,1,1,0,0,0,0
"433",604,2499,"g","g","a","a",NA,NA,NA,NA,NA,NA,NA,NA,NA,NA,"nonsyn","nonsyn","nonsyn","nonsyn","nonsyn","nonsyn","D","N","H","Y",1,1,1,0,0,0,0
"434",605,2513,"a","a","g","g",NA,NA,NA,NA,NA,NA,NA,NA,NA,NA,"nonsyn","nonsyn","nonsyn","nonsyn","nonsyn","nonsyn","D","G","A","V",1,1,1,0,0,0,0
"435",606,2527,"c","c","t","t",NA,NA,NA,NA,NA,NA,NA,NA,NA,NA,"syn","nonsyn","nonsyn","syn","nonsyn","nonsyn","D","D","E","E",0,0,0,1,0,0,0
"436",607,2534,"a","a","g","g",NA,NA,NA,NA,NA,NA,NA,NA,NA,NA,"nonsyn","nonsyn","stop","nonsyn","nonsyn","stop","K","E","Q","*",1,1,1,0,1,1,0
"437",608,2545,"a","a","g","g",NA,NA,NA,NA,NA,NA,NA,NA,NA,NA,"nonsyn","nonsyn","nonsyn","nonsyn","nonsyn","nonsyn","K","R","T","M",0,1,1,0,0,0,0
"438",609,2551,"g","g","a","a",NA,NA,NA,NA,NA,NA,NA,NA,NA,NA,"syn","nonsyn","nonsyn","syn","nonsyn","nonsyn","K","K","N","N",0,1,1,0,0,0,0
"439",610,2556,"c","c","t","t",NA,NA,NA,NA,NA,NA,NA,NA,NA,NA,"nonsyn","nonsyn","nonsyn","nonsyn","nonsyn","nonsyn","H","Y","N","D",1,1,1,1,0,0,0
"440",611,2575,"a","a","g","g",NA,NA,NA,NA,NA,NA,NA,NA,NA,NA,"nonsyn","nonsyn","nonsyn","nonsyn","nonsyn","nonsyn","H","R","P","L",0,1,1,0,0,0,0
"441",612,2583,"t","t","c","c",NA,NA,NA,NA,NA,NA,NA,NA,NA,NA,"syn","nonsyn","nonsyn","syn","nonsyn","nonsyn","H","H","Q","Q",0,1,1,0,0,0,0
"442",613,2599,"t","t","c","c",NA,NA,NA,NA,NA,NA,NA,NA,NA,NA,"nonsyn","nonsyn","nonsyn","nonsyn","nonsyn","nonsyn","Y","H","N","D",1,1,1,0,0,0,0
"443",614,2606,"a","a","g","g",NA,NA,NA,NA,NA,NA,NA,NA,NA,NA,"nonsyn","nonsyn","nonsyn","nonsyn","nonsyn","nonsyn","Y","C","S","F",1,1,0,0,0,0,0
"444",615,2623,"t","t","c","c",NA,NA,NA,NA,NA,NA,NA,NA,NA,NA,"syn","stop","stop","syn","stop","stop","Y","Y","*","*",0,1,1,1,0,0,0
"445",616,2636,"t","t","c","c",NA,NA,NA,NA,NA,NA,NA,NA,NA,NA,"nonsyn","nonsyn","nonsyn","nonsyn","nonsyn","nonsyn","W","R","R","G",1,1,1,0,1,1,0
"446",617,2638,"g","g","a","a",NA,NA,NA,NA,NA,NA,NA,NA,NA,NA,"stop","nonsyn","nonsyn","stop","nonsyn","nonsyn","W","*","S","L",1,1,0,0,1,1,0
"447",618,2647,"g","g","a","a",NA,NA,NA,NA,NA,NA,NA,NA,NA,NA,"stop","nonsyn","nonsyn","stop","nonsyn","nonsyn","W","*","C","C",1,1,1,0,0,0,0
"448",619,2656,"g","g","a","a",NA,NA,NA,NA,NA,NA,NA,NA,NA,NA,"nonsyn","nonsyn","nonsyn","nonsyn","nonsyn","nonsyn","D","N","H","Y",1,1,1,0,0,0,0
"449",620,2660,"a","a","g","g",NA,NA,NA,NA,NA,NA,NA,NA,NA,NA,"nonsyn","nonsyn","nonsyn","nonsyn","nonsyn","nonsyn","D","G","A","V",1,1,1,0,0,0,0
"450",621,2675,"t","t","c","c",NA,NA,NA,NA,NA,NA,NA,NA,NA,NA,"syn","nonsyn","nonsyn","syn","nonsyn","nonsyn","D","D","E","E",0,0,0,0,0,0,0
"451",622,2681,"a","g","g","a",NA,NA,NA,NA,NA,NA,NA,NA,NA,NA,"nonsyn","nonsyn","nonsyn","syn","nonsyn","nonsyn","T","A","P","S",1,1,0,0,0,0,0
"452",623,2687,"c","c","t","t",NA,NA,NA,NA,NA,NA,NA,NA,NA,NA,"nonsyn","nonsyn","nonsyn","nonsyn","nonsyn","nonsyn","T","I","N","S",1,0,0,0,1,0,1
"453",624,2699,"t","t","c","c",NA,NA,NA,NA,NA,NA,NA,NA,NA,NA,"syn","syn","syn","nonsyn","nonsyn","nonsyn","T","T","T","T",0,0,0,0,0,0,0
"454",625,2709,"a","a","g","g",NA,NA,NA,NA,NA,NA,NA,NA,NA,NA,"nonsyn","nonsyn","nonsyn","nonsyn","nonsyn","nonsyn","I","V","L","F",0,0,0,0,0,0,0
"455",626,2712,"t","t","c","c",NA,NA,NA,NA,NA,NA,NA,NA,NA,NA,"nonsyn","nonsyn","nonsyn","nonsyn","nonsyn","nonsyn","I","T","N","S",1,1,1,0,0,0,0
"456",627,2718,"t","t","c","c",NA,NA,NA,NA,NA,NA,NA,NA,NA,NA,"syn","syn","nonsyn","syn","syn","nonsyn","I","I","I","M",0,0,0,0,1,1,0
"457",628,2720,"a","a","g","g",NA,NA,NA,NA,NA,NA,NA,NA,NA,NA,"nonsyn","syn","stop","nonsyn","syn","stop","R","G","R","*",1,0,1,0,0,0,0
"458",629,2728,"g","g","a","a",NA,NA,NA,NA,NA,NA,NA,NA,NA,NA,"nonsyn","nonsyn","nonsyn","nonsyn","nonsyn","nonsyn","R","K","T","I",0,1,1,0,0,0,0
"459",630,2733,"a","a","g","g",NA,NA,NA,NA,NA,NA,NA,NA,NA,NA,"syn","nonsyn","nonsyn","syn","nonsyn","nonsyn","R","R","S","S",0,1,1,0,0,0,0
"460",631,2750,"t","t","c","c",NA,NA,NA,NA,NA,NA,NA,NA,NA,NA,"nonsyn","nonsyn","nonsyn","nonsyn","nonsyn","nonsyn","F","L","I","V",0,0,0,0,0,0,0
"461",632,2763,"t","t","c","c",NA,NA,NA,NA,NA,NA,NA,NA,NA,NA,"nonsyn","nonsyn","nonsyn","nonsyn","nonsyn","nonsyn","F","S","Y","C",1,0,1,0,0,0,0
"462",633,2771,"t","t","c","c",NA,NA,NA,NA,NA,NA,NA,NA,NA,NA,"syn","nonsyn","nonsyn","syn","nonsyn","nonsyn","F","F","L","L",0,0,0,0,1,1,0
"463",634,2775,"a","a","g","g",NA,NA,NA,NA,NA,NA,NA,NA,NA,NA,"nonsyn","syn","nonsyn","nonsyn","syn","nonsyn","R","G","R","W",1,0,1,0,1,1,0
"464",635,2789,"g","g","a","a",NA,NA,NA,NA,NA,NA,NA,NA,NA,NA,"nonsyn","nonsyn","nonsyn","nonsyn","nonsyn","nonsyn","R","K","T","M",0,1,1,0,0,0,0
"465",636,2790,"g","a","a","g",NA,NA,NA,NA,NA,NA,NA,NA,NA,NA,"syn","nonsyn","nonsyn","syn","nonsyn","nonsyn","R","R","S","S",0,1,1,0,0,0,0
"466",637,2793,"t","t","c","c",NA,NA,NA,NA,NA,NA,NA,NA,NA,NA,"nonsyn","nonsyn","nonsyn","nonsyn","nonsyn","nonsyn","Y","H","N","D",1,1,1,0,0,0,0
"467",638,2798,"a","a","g","g",NA,NA,NA,NA,NA,NA,NA,NA,NA,NA,"nonsyn","nonsyn","nonsyn","nonsyn","nonsyn","nonsyn","Y","C","S","F",1,1,0,0,0,0,0
"468",639,2798,"t","t","c","c",NA,NA,NA,NA,NA,NA,NA,NA,NA,NA,"syn","stop","stop","syn","stop","stop","Y","Y","*","*",0,1,1,1,0,0,0
"469",640,2803,"t","t","c","c",NA,NA,NA,NA,NA,NA,NA,NA,NA,NA,"nonsyn","nonsyn","nonsyn","nonsyn","nonsyn","nonsyn","C","R","S","G",1,1,0,0,0,0,0
"470",641,2806,"g","g","a","a",NA,NA,NA,NA,NA,NA,NA,NA,NA,NA,"nonsyn","nonsyn","nonsyn","nonsyn","nonsyn","nonsyn","C","Y","S","F",1,1,1,1,0,0,0
"471",642,2801,"t","t","c","c",NA,NA,NA,NA,NA,NA,NA,NA,NA,NA,"syn","stop","nonsyn","syn","stop","nonsyn","C","C","*","W",0,1,1,0,0,0,0
"472",643,2795,"g","g","a","a",NA,NA,NA,NA,NA,NA,NA,NA,NA,NA,"nonsyn","nonsyn","nonsyn","nonsyn","nonsyn","nonsyn","A","T","P","S",1,1,1,0,0,0,0
"473",644,2792,"c","c","t","t",NA,NA,NA,NA,NA,NA,NA,NA,NA,NA,"nonsyn","nonsyn","nonsyn","nonsyn","nonsyn","nonsyn","A","V","E","G",0,1,1,1,0,0,0
"474",645,2801,"a","a","g","g",NA,NA,NA,NA,NA,NA,NA,NA,NA,NA,"syn","syn","syn","syn","syn","syn","A","A","A","A",0,0,0,0,0,0,0
"475",646,2800,"c","c","t","t",NA,NA,NA,NA,NA,NA,NA,NA,NA,NA,"nonsyn","nonsyn","nonsyn","nonsyn","nonsyn","nonsyn","P","S","T","A",1,1,1,0,1,0,1
"476",647,2816,"c","c","t","t",NA,NA,NA,NA,NA,NA,NA,NA,NA,NA,"nonsyn","nonsyn","nonsyn","nonsyn","nonsyn","nonsyn","P","L","H","R",1,1,1,0,1,0,1
"477",648,2817,"t","g","c","a",NA,NA,NA,NA,NA,NA,NA,NA,NA,NA,"syn","syn","syn","syn","syn","syn","P","P","P","P",0,0,0,0,0,0,0
"478",649,2820,"c","c","t","t",NA,NA,NA,NA,NA,NA,NA,NA,NA,NA,"nonsyn","nonsyn","nonsyn","nonsyn","nonsyn","nonsyn","P","S","T","A",1,1,1,0,1,0,1
"479",650,2830,"c","c","t","t",NA,NA,NA,NA,NA,NA,NA,NA,NA,NA,"nonsyn","nonsyn","nonsyn","nonsyn","nonsyn","nonsyn","P","L","Q","R",1,1,1,1,1,1,0
"480",651,2844,"a","a","g","g",NA,NA,NA,NA,NA,NA,NA,NA,NA,NA,"syn","syn","syn","syn","syn","syn","P","P","P","P",0,0,0,0,1,1,0
"481",652,2844,"g","g","a","a",NA,NA,NA,NA,NA,NA,NA,NA,NA,NA,"nonsyn","nonsyn","nonsyn","nonsyn","nonsyn","nonsyn","G","S","R","C",1,1,0,0,0,0,0
"482",653,2846,"g","g","a","a",NA,NA,NA,NA,NA,NA,NA,NA,NA,NA,"nonsyn","nonsyn","nonsyn","nonsyn","nonsyn","nonsyn","G","D","A","V",1,1,1,0,0,0,0
"483",654,2849,"t","t","c","c",NA,NA,NA,NA,NA,NA,NA,NA,NA,NA,"syn","syn","syn","syn","syn","syn","G","G","G","G",0,0,0,0,0,0,0
"484",655,2857,"t","t","c","c",NA,NA,NA,NA,NA,NA,NA,NA,NA,NA,"nonsyn","nonsyn","nonsyn","nonsyn","nonsyn","nonsyn","Y","H","N","D",1,1,1,0,0,0,0
"485",656,2863,"a","a","g","g",NA,NA,NA,NA,NA,NA,NA,NA,NA,NA,"nonsyn","nonsyn","nonsyn","nonsyn","nonsyn","nonsyn","Y","C","S","F",1,1,0,1,0,0,0
"486",657,2868,"t","t","c","c",NA,NA,NA,NA,NA,NA,NA,NA,NA,NA,"syn","stop","stop","syn","stop","stop","Y","Y","*","*",0,1,1,0,0,0,0
"487",658,2868,"g","g","a","a",NA,NA,NA,NA,NA,NA,NA,NA,NA,NA,"nonsyn","nonsyn","nonsyn","nonsyn","nonsyn","nonsyn","A","T","P","S",1,1,1,0,0,0,0
"488",659,2864,"c","c","t","t",NA,NA,NA,NA,NA,NA,NA,NA,NA,NA,"nonsyn","nonsyn","nonsyn","nonsyn","nonsyn","nonsyn","A","V","D","G",0,1,1,0,1,0,1
"489",660,2858,"t","t","c","c",NA,NA,NA,NA,NA,NA,NA,NA,NA,NA,"syn","syn","syn","syn","syn","syn","A","A","A","A",0,0,0,0,0,0,0
"490",661,2871,"t","t","c","c",NA,NA,NA,NA,NA,NA,NA,NA,NA,NA,"syn","nonsyn","nonsyn","syn","nonsyn","nonsyn","L","L","M","V",0,0,0,1,0,0,0
"491",662,2873,"t","t","c","c",NA,NA,NA,NA,NA,NA,NA,NA,NA,NA,"nonsyn","stop","nonsyn","nonsyn","stop","nonsyn","L","S","*","W",1,1,0,0,0,0,0
"492",663,2874,"g","g","a","a",NA,NA,NA,NA,NA,NA,NA,NA,NA,NA,"syn","nonsyn","nonsyn","syn","nonsyn","nonsyn","L","L","F","F",0,0,0,0,0,0,0
"493",664,2871,"c","c","t","t",NA,NA,NA,NA,NA,NA,NA,NA,NA,NA,"nonsyn","nonsyn","nonsyn","nonsyn","nonsyn","nonsyn","L","F","I","V",0,0,0,0,1,0,1
"494",665,2872,"t","t","c","c",NA,NA,NA,NA,NA,NA,NA,NA,NA,NA,"nonsyn","nonsyn","nonsyn","nonsyn","nonsyn","nonsyn","L","P","H","R",1,1,1,0,0,0,0
"495",666,2881,"t","t","c","c",NA,NA,NA,NA,NA,NA,NA,NA,NA,NA,"syn","syn","syn","syn","syn","syn","L","L","L","L",0,0,0,0,1,1,0
"496",667,2884,"a","a","g","g",NA,NA,NA,NA,NA,NA,NA,NA,NA,NA,"nonsyn","syn","stop","nonsyn","syn","stop","R","G","R","*",1,0,1,0,0,0,0
"497",668,2884,"g","g","a","a",NA,NA,NA,NA,NA,NA,NA,NA,NA,NA,"nonsyn","nonsyn","nonsyn","nonsyn","nonsyn","nonsyn","R","K","T","I",0,1,1,0,0,0,0
"498",669,2883,"a","g","g","a",NA,NA,NA,NA,NA,NA,NA,NA,NA,NA,"syn","nonsyn","nonsyn","syn","nonsyn","nonsyn","R","R","S","S",0,1,1,1,0,0,0
"499",670,2885,"t","t","c","c",NA,NA,NA,NA,NA,NA,NA,NA,NA,NA,"nonsyn","nonsyn","nonsyn","nonsyn","nonsyn","nonsyn","C","R","S","G",1,1,0,0,0,0,0
"500",671,2884,"g","g","a","a",NA,NA,NA,NA,NA,NA,NA,NA,NA,NA,"nonsyn","nonsyn","nonsyn","nonsyn","nonsyn","nonsyn","C","Y","S","F",1,1,1,0,0,0,0
"501",672,2882,"t","t","c","c",NA,NA,NA,NA,NA,NA,NA,NA,NA,NA,"syn","stop","nonsyn","syn","stop","nonsyn","C","C","*","W",0,1,1,0,0,0,0
"502",673,2883,"a","a","g","g",NA,NA,NA,NA,NA,NA,NA,NA,NA,NA,"nonsyn","nonsyn","nonsyn","nonsyn","nonsyn","nonsyn","N","D","H","Y",1,1,1,0,0,0,0
"503",674,2882,"a","a","g","g",NA,NA,NA,NA,NA,NA,NA,NA,NA,NA,"nonsyn","nonsyn","nonsyn","nonsyn","nonsyn","nonsyn","N","S","T","I",0,0,1,1,0,0,0
"504",675,2881,"t","t","c","c",NA,NA,NA,NA,NA,NA,NA,NA,NA,NA,"syn","nonsyn","nonsyn","syn","nonsyn","nonsyn","N","N","K","K",0,1,1,0,0,0,0
"505",676,2880,"g","g","a","a",NA,NA,NA,NA,NA,NA,NA,NA,NA,NA,"nonsyn","nonsyn","nonsyn","nonsyn","nonsyn","nonsyn","D","N","H","Y",1,1,1,0,0,0,0
"506",677,2878,"a","a","g","g",NA,NA,NA,NA,NA,NA,NA,NA,NA,NA,"nonsyn","nonsyn","nonsyn","nonsyn","nonsyn","nonsyn","D","G","A","V",1,1,1,0,0,0,0
"507",678,2875,"c","t","t","c",NA,NA,NA,NA,NA,NA,NA,NA,NA,NA,"syn","nonsyn","nonsyn","syn","nonsyn","nonsyn","D","D","E","E",0,0,0,1,0,0,0
"508",679,2874,"a","a","g","g",NA,NA,NA,NA,NA,NA,NA,NA,NA,NA,"nonsyn","nonsyn","nonsyn","nonsyn","nonsyn","nonsyn","T","A","P","S",1,1,0,0,0,0,0
"509",680,2872,"c","c","t","t",NA,NA,NA,NA,NA,NA,NA,NA,NA,NA,"nonsyn","nonsyn","nonsyn","nonsyn","nonsyn","nonsyn","T","I","K","R",1,1,1,0,0,0,0
"510",681,2870,"a","a","g","g",NA,NA,NA,NA,NA,NA,NA,NA,NA,NA,"syn","syn","syn","syn","syn","syn","T","T","T","T",0,0,0,0,0,0,0
